Id	ActionId	NextActionId	Type	IsBlock	IsEnd	BeginAnim	EndAnim	BeginDelay	EndDelay	Params
1	1		101			AniZhuanchangEnd				{1: 'Assets/Product/Texture/Image/BgStory/Bgstory507.jpg'}
2	2		504							{1: '0.7'}
3	3		401							{1: '1', 2: '70'}
4	4		201							{1: '2', 2: '500044', 4: '500', 5: '-200', 6: '200'}
5	5		201							{1: '1', 2: '500391', 4: '-300', 6: '-150'}
6	6		301			DialogEnable				{1: '1', 2: '里', 3: '如果连这片区域也失守，我们只会毫无防备地暴露在敌人的攻击下。', 4: '2'}
7	7		301							{2: '里', 3: '后面，就交给你了。', 4: '2'}
8	8		203							{1: '1', 2: '2.5', 3: '200', 5: '-200'}
9	9		203							{1: '2', 2: '2.5', 3: '-200', 4: '-50', 5: '50'}
10	10		301					2500.0		{2: '露西亚', 3: '嗯，我们都要活下去。', 4: '1'}
11	11		501							{1: 'Assets/Product/Effect/Prefab/FxUi/FxUiStoryNew/FxUiStoryWhiteNew.prefab', 2: '2'}
12	12		504							{1: '0'}
13	13		202							{1: '1', 2: '2', 6: '1'}
14	14		201							{1: '1', 2: '500391', 3: '5'}
15	15		301							{1: '1', 2: '露西亚', 3: '…………', 4: '1'}
16	16		301							{3: '在做出这个约定之后又过了多久？'}
17	17		301							{3: '他们被围困在这座本应被神明庇护的教堂中，四面八方所能捕捉到的任何声音都来自于异合生物。'}
18	18		301							{3: '她知道同伴就在附近，却被感染体和异合生物围堵至寸步难行。'}
19	19		301							{3: '她尝试呼唤同伴，通讯中也只剩下片段的词语和杂音。'}
20	20		301							{3: '是啊，在这个世界中，无论何时献上祈祷，都不会得到拯救。'}
21	21		501							{1: 'Assets/Product/Effect/Prefab/FxUi/FxUiStoryNew/FxUiStoryWhiteNew.prefab', 2: '2'}
22	22		202							{1: '1', 6: '1'}
23	23		101							{1: 'Assets/Product/Texture/Image/BgCg/Cgqz103.png'}
24	24		301							{3: '恍惚间，她想起促使自己成为构造体的那个地方。'}
25	25		301							{3: '在寒冬与饥饿之下，幼小的孩子们挤在一起，为了生存被迫互相欺骗和伤害。'}
26	26		501							{1: 'Assets/Product/Effect/Prefab/FxUi/FxUiStoryNew/FxUiStoryWhiteNew.prefab', 2: '2'}
27	27		201							{1: '1', 2: '500391', 3: '5'}
28	28		101							{1: 'Assets/Product/Texture/Image/BgStory/Bgstory507.jpg'}
29	29		301							{1: '1', 2: '露西亚', 3: '……那也是教堂……', 4: '1'}
30	30		301							{3: '曾在这样的地方，她失去了最后的家人，如今，也要在相似的地方倒下吗？'}
31	31		301							{2: '露西亚', 3: '不，这不该是终点……', 4: '1'}
32	32		301							{3: '露西亚用太刀支撑着身体，挣扎着向前行走。'}
33	33		301							{2: '露西亚', 3: '我们还没有……', 4: '1'}
34	34		301							{3: '她的意志仍未熄灭，机体却已经无法应对这场持续了十天的战斗。'}
35	35		301							{3: '或许真的已经走到了尽头，该面对现实了。'}
36	36		301							{2: '露西亚', 3: '…………', 4: '1'}
37	37		301							{3: '是因为他们做错了吗？'}
38	38		301							{3: '当时，无论如何都要跟随丽芙返回吗？'}
39	39		301							{2: '露西亚', 3: '……不……', 4: '1'}
40	40		301							{3: '如果他们没有留下来，只会让更多人失去被救援的机会。'}
41	41		301							{3: '那绝不是她，或者灰鸦小队的任何一个人想看到的。'}
42	42		301							{3: '库洛姆队长在这十天以来，从未抱怨过战斗艰苦，他没有因陷入困境后悔过自己的选择。'}
43	43		301							{3: '如果是三头犬小队的薇拉队长呢？'}
44	44		301							{3: '会看起来不太情愿，但实际还是坚持战斗吧。露西亚这么想。'}
45	45		301							{2: '露西亚', 3: '……薇拉……', 4: '1'}
46	46		501							{1: 'Assets/Product/Effect/Prefab/FxUi/FxUiStoryNew/FxUiStoryWhiteNew.prefab', 2: '2'}
47	47		201							{1: '1', 2: '500168', 3: '1'}
48	48		101							{1: 'Assets/Product/Texture/Image/BgStory/Bgstory256.png'}
49	49		301							{1: '1', 3: '指挥官从亚特兰蒂斯返回的时候，薇拉还在运输机上无意中提起了过去关于搜救的往事。'}
50	50		301							{3: '那时，她被封锁在一片无法使用搜查设备的区域，但身边的牧羊犬却帮她找到了目标。'}
51	51		301							{3: '正是因为听了她随口提起的话，她和丽芙才能在那个废墟中，依靠火柴找到离队的孕妇芳汀。'}
52	52		301							{3: '在应对如潮水般涌来的异合生物时，琐碎的回忆如同走马灯一般闪过她的意识海。'}
53	53		501							{1: 'Assets/Product/Effect/Prefab/FxUi/FxUiStoryNew/FxUiStoryWhiteNew.prefab', 2: '2'}
54	54		201							{1: '1', 2: '500391', 3: '5'}
55	55		101							{1: 'Assets/Product/Texture/Image/BgStory/Bgstory507.jpg'}
56	56		301							{1: '1', 2: '露西亚', 3: '我们每个人都……不想看到消逝的生命……', 4: '1'}
57	57		301							{3: '其他的小队虽然不在这里，她相信，如果是那些熟悉的人们，也会做出一样的选择。'}
58	58		301							{3: '即便是如今行踪不明的凡妮莎，也在不久前选择了这条路。'}
59	59		301							{3: '每个人都有自己想保护的人或信念，在竭尽全力战斗后倒在了战场上。'}
60	60		301							{2: '露西亚', 3: '我们没有后悔……', 4: '1'}
61	61		301							{3: '但这个世界也没有给任何人留下仁慈。'}
62	62		301							{3: '斩断面前的敌人，她环视着四周还在涌动的异合生物。'}
63	63		501							{1: 'Assets/Product/Effect/Prefab/FxUi/FxUiStoryNew/FxUiStoryLouDianNew.prefab', 3: '1'}
64	64		301							{3: '机体的损耗已经到达了极限，逆元装置也即将超出负荷，根据她的预判，最多再坚持十分钟就会失去行动能力。'}
65	65		301			PanelActor1Shake				{1: '1', 2: '露西亚', 3: '就算只有十分钟，我也会坚持到最后。', 4: '1'}
66	66		301							{3: '心中的信念会陪伴她走到最后一刻。'}
67	67		401							{1: '2', 2: '1515'}
68	68		301							{3: '就像是要回应这份坚定一样，灰鸦小队的专用信道终于出现了一个好久不见的声音。'}
69	69		203							{1: '1', 2: '0.25', 3: '-600'}
70	70		509							{1: 'Assets/Product/Texture/Image/BgStory/BgStory0.png', 2: '2'}
71	71		401							{1: '1', 2: '12'}
72	72		301							{2: '丽芙', 3: '露西亚！！'}
73	73		301							{2: '丽芙', 3: '你怎么样了？？为什么通讯看不见你？？里先生呢？为什么通讯一直无法接通？？'}
74	74		301							{3: '通讯的屏幕中空空如也，她看不见丽芙，丽芙也看不见她。'}
75	75		301							{3: '因为在声音响起的那一刻，露西亚就盖住了终端，她不希望丽芙看到自己现在的样子。'}
76	76		301							{3: '而丽芙那边……或许是因为自己的终端在战斗中受到了损伤，她也看不到丽芙的身影。'}
77	77		301							{3: '没关系，就算看不到她，能在最后听见朋友的声音就足够了，露西亚对自己说。'}
78	78		301							{2: '露西亚', 3: '你还在空中花园吗？', 4: '1'}
79	79		301							{2: '丽芙', 3: '我在运输机上，很快就会到你那里来。'}
80	80		301							{2: '露西亚', 3: '不，不要过来，这里太危险了。', 4: '1'}
81	81		301							{2: '丽芙', 3: '露西亚？危险是怎么回事？'}
82	82		301							{2: '露西亚', 3: '…………', 4: '1'}
83	83		301							{2: '丽芙', 3: '没关系，不要为我担心，还记得我临走时哈桑议长说的那个武器吗？现在已经研发成功了。'}
84	84		301							{2: '丽芙', 3: '无论有多危险，我都能保护你们。'}
85	85		301							{2: '丽芙', 3: '……我已经能做到了，露西亚！相信我好吗？'}
86	86		301							{2: '露西亚', 3: '…………', 4: '1'}
87	87		301							{2: '露西亚', 3: '……你还有多久到这里？', 4: '1'}
88	88		301							{2: '丽芙', 3: '预计……唔，还需要一小时左右。'}
89	89		301							{2: '露西亚', 3: '一小时……', 4: '1'}
90	90		301							{3: '……来不及了。'}
91	91		301							{2: '丽芙', 3: '怎么了？你为什么不说话？'}
92	92		301							{3: '既然结局已经无法改变，那么至少在她柔和的声音中离去吧。'}
93	93		301							{2: '露西亚', 3: '我可以……', 4: '1'}
94	94		301							{2: '丽芙', 3: '嗯？'}
95	95		301							{2: '露西亚', 3: '再听听你的歌吗？', 4: '1'}
96	96		301							{2: '丽芙', 3: '哎？……露西亚……为什么……'}
97	97		301							{2: '露西亚', 3: '就当做是倒计时吧，听着你的声音继续战斗，能让我安心许多。', 4: '1'}
98	98		301							{2: '露西亚', 3: '等歌声近在咫尺的时候，我也就知道你在我身边了。', 4: '1'}
99	99		301							{2: '丽芙', 3: '露西亚……'}
100	100		301							{2: '露西亚', 3: '嗯，丽芙……有一天要把这首歌唱给指挥官听哦。', 4: '1'}
101	101		301							{2: '丽芙', 3: '…………'}
102	102		301							{2: '丽芙', 3: '……露西亚……'}
103	103		301							{3: '那是她已经察觉到了自己的处境吗？露西亚听到她轻柔的呼唤声中强压着颤抖。'}
104	104		301							{2: '露西亚', 3: '抱歉……让你在飞行途中唱歌还是太强人所难了吧。', 4: '1'}
105	105		301							{2: '丽芙', 3: '不……'}
106	106		301							{2: '丽芙', 3: '……在到达你身边之前，我也只能做到这件事了。'}
107	107		301							{2: '丽芙', 3: '就让我以这种方式陪着你们吧。'}
108	108		301							{2: '丽芙', 3: '但是，请你一定要答应我，保护好自己，绝对不要放弃。'}
109	109		301							{2: '丽芙', 3: '坚持到我过来，这次，我一定能帮上大家的忙。'}
110	110		301							{2: '露西亚', 3: '你一直都在帮我们的忙，丽芙。', 4: '1'}
111	111		301							{3: '为了不再加重她的不安，露西亚努力挤出沙哑的笑声。', 4: '1'}
112	112		301		1		AniZhuanchangBegin			{2: '露西亚', 3: '那么……我在这里等你。', 4: '1'}
