Id	CharacterId	Name	Icon	StoryId	StageId	UnlockLv	ConditionDescript	SectionNumber	TaskId	ExtraDescript	Tips	StageDetailType	StageDetailParams
1	1011002	里·异火·其之一	Assets/Product/Texture/Image/UiFavorability/UiFStoryStage101100201.png	HG10101BA		1	信赖度<color=#C14F38>1</color>级解锁	1					
2	1011002	里·异火·其之二	Assets/Product/Texture/Image/UiFavorability/UiFStoryStage01.png	HG10102BA		2	信赖度<color=#C14F38>2</color>级解锁	2					
3	1011002	里·异火·其之三	Assets/Product/Texture/Image/UiFavorability/UiFStoryStage02.png	HG10103BA		3	信赖度<color=#C14F38>3</color>级解锁	3					
4	1011002	里·异火·其之四	Assets/Product/Texture/Image/UiFavorability/UiFStoryStage101100202.png	HG10104BA		4	信赖度<color=#C14F38>4</color>级解锁	4					
5	1011002	里·异火·其之五	Assets/Product/Texture/Image/UiFavorability/UiFStoryStage03.png	HG10105BA		5	信赖度<color=#C14F38>5</color>级解锁	5					
6	1011002	里·异火·其之六	Assets/Product/Texture/Image/UiFavorability/UiFStoryStage101100203.png	HG10106BA		6	信赖度<color=#C14F38>6</color>级解锁	6					
7	1021001	露西亚·红莲·其之一	Assets/Product/Texture/Image/UiFavorability/UiFStoryStage102100101.png	HG10201BB		1	信赖度<color=#C14F38>1</color>级解锁	1					
8	1021001	露西亚·红莲·其之二	Assets/Product/Texture/Image/UiFavorability/UiFStoryStage04.png	HG10202BB		2	信赖度<color=#C14F38>2</color>级解锁	2					
9	1021001	露西亚·红莲·其之三	Assets/Product/Texture/Image/UiFavorability/UiFStoryStage05.png	HG10203BB		3	信赖度<color=#C14F38>3</color>级解锁	3					
10	1021001	露西亚·红莲·其之四	Assets/Product/Texture/Image/UiFavorability/UiFStoryStage102100102.png	HG10204BB		4	信赖度<color=#C14F38>4</color>级解锁	4					
11	1021001	露西亚·红莲·其之五	Assets/Product/Texture/Image/UiFavorability/UiFStoryStage06.png	HG10205BB		5	信赖度<color=#C14F38>5</color>级解锁	5					
12	1021001	露西亚·红莲·其之六	Assets/Product/Texture/Image/UiFavorability/UiFStoryStage102100103.png	HG10206BB		6	信赖度<color=#C14F38>6</color>级解锁	6					
13	1031001	丽芙·蚀暗·其之一	Assets/Product/Texture/Image/UiFavorability/UiFStoryStage103100101.png	HG10301BB		1	信赖度<color=#C14F38>1</color>级解锁	1					
14	1031001	丽芙·蚀暗·其之二	Assets/Product/Texture/Image/UiFavorability/UiFStoryStage103100102.png	HG10302BB		2	信赖度<color=#C14F38>2</color>级解锁	2					
15	1031001	丽芙·蚀暗·其之三	Assets/Product/Texture/Image/UiFavorability/UiFStoryStage02.png	HG10303BB		3	信赖度<color=#C14F38>3</color>级解锁	3					
16	1031001	丽芙·蚀暗·其之四	Assets/Product/Texture/Image/UiFavorability/UiFStoryStage103100103.png	HG10304BB		4	信赖度<color=#C14F38>4</color>级解锁	4					
17	1031001	丽芙·蚀暗·其之五	Assets/Product/Texture/Image/UiFavorability/UiFStoryStage03.png	HG10305BB		5	信赖度<color=#C14F38>5</color>级解锁	5					
18	1031001	丽芙·蚀暗·其之六	Assets/Product/Texture/Image/UiFavorability/UiFStoryStage103100104.png	HG10306BB		6	信赖度<color=#C14F38>6</color>级解锁	6					
19	1041002	比安卡·零度·其之一	Assets/Product/Texture/Image/UiFavorability/UiFStoryStage104100201.png	HG10401BA		1	信赖度<color=#C14F38>1</color>级解锁	1					
20	1041002	比安卡·零度·其之二	Assets/Product/Texture/Image/UiFavorability/UiFStoryStage04.png	HG10402BA		2	信赖度<color=#C14F38>2</color>级解锁	2					
21	1041002	比安卡·零度·其之三	Assets/Product/Texture/Image/UiFavorability/UiFStoryStage104100202.png	HG10403BA		3	信赖度<color=#C14F38>3</color>级解锁	3					
22	1041002	比安卡·零度·其之四	Assets/Product/Texture/Image/UiFavorability/UiFStoryStage104100203.png	HG10404BA		4	信赖度<color=#C14F38>4</color>级解锁	4					
23	1041002	比安卡·零度·其之五	Assets/Product/Texture/Image/UiFavorability/UiFStoryStage06.png	HG10405BA		5	信赖度<color=#C14F38>5</color>级解锁	5					
24	1041002	比安卡·零度·其之六	Assets/Product/Texture/Image/UiFavorability/UiFStoryStage104100204.png	HG10406BA		6	信赖度<color=#C14F38>6</color>级解锁	6					
25	1051001	七实·风暴·其之一	Assets/Product/Texture/Image/UiFavorability/UiFStoryStage105100101.png	HG10501BB		1	信赖度<color=#C14F38>1</color>级解锁	1					
26	1051001	七实·风暴·其之二	Assets/Product/Texture/Image/UiFavorability/UiFStoryStage01.png	HG10502BB		2	信赖度<color=#C14F38>2</color>级解锁	2					
27	1051001	七实·风暴·其之三	Assets/Product/Texture/Image/UiFavorability/UiFStoryStage105100102.png	HG10503BB		3	信赖度<color=#C14F38>3</color>级解锁	3					
28	1051001	七实·风暴·其之四	Assets/Product/Texture/Image/UiFavorability/UiFStoryStage02.png	HG10504BB		4	信赖度<color=#C14F38>4</color>级解锁	4					
29	1051001	七实·风暴·其之五	Assets/Product/Texture/Image/UiFavorability/UiFStoryStage03.png	HG10505BB		5	信赖度<color=#C14F38>5</color>级解锁	5					
30	1051001	七实·风暴·其之六	Assets/Product/Texture/Image/UiFavorability/UiFStoryStage105100103.png	HG10506BB		6	信赖度<color=#C14F38>6</color>级解锁	6					
31	1061002	神威·重能·其之一	Assets/Product/Texture/Image/UiFavorability/UiFStoryStage106100201.png	HG10601BA		1	信赖度<color=#C14F38>1</color>级解锁	1					
32	1061002	神威·重能·其之二	Assets/Product/Texture/Image/UiFavorability/UiFStoryStage04.png	HG10602BA		2	信赖度<color=#C14F38>2</color>级解锁	2					
33	1061002	神威·重能·其之三	Assets/Product/Texture/Image/UiFavorability/UiFStoryStage05.png	HG10603BA		3	信赖度<color=#C14F38>3</color>级解锁	3					
34	1061002	神威·重能·其之四	Assets/Product/Texture/Image/UiFavorability/UiFStoryStage106100202.png	HG10604BA		4	信赖度<color=#C14F38>4</color>级解锁	4					
35	1061002	神威·重能·其之五	Assets/Product/Texture/Image/UiFavorability/UiFStoryStage06.png	HG10605BA		5	信赖度<color=#C14F38>5</color>级解锁	5					
36	1061002	神威·重能·其之六	Assets/Product/Texture/Image/UiFavorability/UiFStoryStage106100203.png	HG10606BA		6	信赖度<color=#C14F38>6</color>级解锁	6					
37	1071002	卡列尼娜·爆裂·其之一	Assets/Product/Texture/Image/UiFavorability/UiFStoryStage107100201.png	HG10701BA		1	信赖度<color=#C14F38>1</color>级解锁	1					
38	1071002	卡列尼娜·爆裂·其之二	Assets/Product/Texture/Image/UiFavorability/UiFStoryStage01.png	HG10702BA		2	信赖度<color=#C14F38>2</color>级解锁	2					
39	1071002	卡列尼娜·爆裂·其之三	Assets/Product/Texture/Image/UiFavorability/UiFStoryStage02.png	HG10703BA		3	信赖度<color=#C14F38>3</color>级解锁	3					
40	1071002	卡列尼娜·爆裂·其之四	Assets/Product/Texture/Image/UiFavorability/UiFStoryStage04.png	HG10704BA		4	信赖度<color=#C14F38>4</color>级解锁	4					
41	1071002	卡列尼娜·爆裂·其之五	Assets/Product/Texture/Image/UiFavorability/UiFStoryStage03.png	HG10705BA		5	信赖度<color=#C14F38>5</color>级解锁	5					
42	1071002	卡列尼娜·爆裂·其之六	Assets/Product/Texture/Image/UiFavorability/UiFStoryStage107100202.png	HG10706BA		6	信赖度<color=#C14F38>6</color>级解锁	6					
43	1081002	渡边·夜刃·其之一	Assets/Product/Texture/Image/UiFavorability/UiFStoryStage108100201.png	HG10801BA		1	信赖度<color=#C14F38>1</color>级解锁	1					
44	1081002	渡边·夜刃·其之二	Assets/Product/Texture/Image/UiFavorability/UiFStoryStage04.png	HG10802BA		2	信赖度<color=#C14F38>2</color>级解锁	2					
45	1081002	渡边·夜刃·其之三	Assets/Product/Texture/Image/UiFavorability/UiFStoryStage05.png	HG10803BA		3	信赖度<color=#C14F38>3</color>级解锁	3					
46	1081002	渡边·夜刃·其之四	Assets/Product/Texture/Image/UiFavorability/UiFStoryStage108100202.png	HG10804BA		4	信赖度<color=#C14F38>4</color>级解锁	4					
47	1081002	渡边·夜刃·其之五	Assets/Product/Texture/Image/UiFavorability/UiFStoryStage06.png	HG10805BA		5	信赖度<color=#C14F38>5</color>级解锁	5					
48	1081002	渡边·夜刃·其之六	Assets/Product/Texture/Image/UiFavorability/UiFStoryStage108100203.png	HG10806BA		6	信赖度<color=#C14F38>6</color>级解锁	6					
49	1021002	露西亚·黎明·其之一	Assets/Product/Texture/Image/UiFavorability/UiFStoryStage102100201.png	HG10201BA		1	信赖度<color=#C14F38>1</color>级解锁	1					
50	1021002	露西亚·黎明·其之二	Assets/Product/Texture/Image/UiFavorability/UiFStoryStage01.png	HG10202BA		2	信赖度<color=#C14F38>2</color>级解锁	2					
51	1021002	露西亚·黎明·其之三	Assets/Product/Texture/Image/UiFavorability/UiFStoryStage02.png	HG10203BA		3	信赖度<color=#C14F38>3</color>级解锁	3					
52	1021002	露西亚·黎明·其之四	Assets/Product/Texture/Image/UiFavorability/UiFStoryStage05.png	HG10204BA		4	信赖度<color=#C14F38>4</color>级解锁	4					
53	1021002	露西亚·黎明·其之五	Assets/Product/Texture/Image/UiFavorability/UiFStoryStage03.png	HG10205BA		5	信赖度<color=#C14F38>5</color>级解锁	5					
54	1021002	露西亚·黎明·其之六	Assets/Product/Texture/Image/UiFavorability/UiFStoryStage102100202.png	HG10206BA		6	信赖度<color=#C14F38>6</color>级解锁	6					
55	1031002	丽芙·流光·其之一	Assets/Product/Texture/Image/UiFavorability/UiFStoryStage103100201.png	HG10301BA		1	信赖度<color=#C14F38>1</color>级解锁	1					
56	1031002	丽芙·流光·其之二	Assets/Product/Texture/Image/UiFavorability/UiFStoryStage04.png	HG10302BA		2	信赖度<color=#C14F38>2</color>级解锁	2					
57	1031002	丽芙·流光·其之三	Assets/Product/Texture/Image/UiFavorability/UiFStoryStage05.png	HG10303BA		3	信赖度<color=#C14F38>3</color>级解锁	3					
58	1031002	丽芙·流光·其之四	Assets/Product/Texture/Image/UiFavorability/UiFStoryStage103100202.png	HG10304BA		4	信赖度<color=#C14F38>4</color>级解锁	4					
59	1031002	丽芙·流光·其之五	Assets/Product/Texture/Image/UiFavorability/UiFStoryStage06.png	HG10305BA		5	信赖度<color=#C14F38>5</color>级解锁	5					
60	1031002	丽芙·流光·其之六	Assets/Product/Texture/Image/UiFavorability/UiFStoryStage103100203.png	HG10306BA		6	信赖度<color=#C14F38>6</color>级解锁	6					
61	1071003	卡列尼娜·烬燃·其之一	Assets/Product/Texture/Image/UiFavorability/UiFStoryStage107100301.png	HG10701BS		1	信赖度<color=#C14F38>1</color>级解锁	1					
62	1071003	卡列尼娜·烬燃·其之二	Assets/Product/Texture/Image/UiFavorability/UiFStoryStage01.png	HG10702BS		2	信赖度<color=#C14F38>2</color>级解锁	2					
63	1071003	卡列尼娜·烬燃·其之三	Assets/Product/Texture/Image/UiFavorability/UiFStoryStage02.png	HG10703BS		3	信赖度<color=#C14F38>3</color>级解锁	3					
64	1071003	卡列尼娜·烬燃·其之四	Assets/Product/Texture/Image/UiFavorability/UiFStoryStage06.png	HG10704BS		4	信赖度<color=#C14F38>4</color>级解锁	4					
65	1071003	卡列尼娜·烬燃·其之五	Assets/Product/Texture/Image/UiFavorability/UiFStoryStage03.png	HG10705BS		5	信赖度<color=#C14F38>5</color>级解锁	5					
66	1071003	卡列尼娜·烬燃·其之六	Assets/Product/Texture/Image/UiFavorability/UiFStoryStage107100302.png	HG10706BS		6	信赖度<color=#C14F38>6</color>级解锁	6					
67	1031003	丽芙·仰光·其之一	Assets/Product/Texture/Image/UiFavorability/UiFStoryStage103100301.png	HG10301BS		1	信赖度<color=#C14F38>1</color>级解锁	1					
68	1031003	丽芙·仰光·其之二	Assets/Product/Texture/Image/UiFavorability/UiFStoryStage04.png	HG10302BS		2	信赖度<color=#C14F38>2</color>级解锁	2					
69	1031003	丽芙·仰光·其之三	Assets/Product/Texture/Image/UiFavorability/UiFStoryStage05.png	HG10303BS		3	信赖度<color=#C14F38>3</color>级解锁	3					
70	1031003	丽芙·仰光·其之四	Assets/Product/Texture/Image/UiFavorability/UiFStoryStage01.png	HG10304BS		4	信赖度<color=#C14F38>4</color>级解锁	4					
71	1031003	丽芙·仰光·其之五	Assets/Product/Texture/Image/UiFavorability/UiFStoryStage06.png	HG10305BS		5	信赖度<color=#C14F38>5</color>级解锁	5					
72	1031003	丽芙·仰光·其之六	Assets/Product/Texture/Image/UiFavorability/UiFStoryStage103100302.png	HG10306BS		6	信赖度<color=#C14F38>6</color>级解锁	6					
73	1061003	神威·暗能·其之一	Assets/Product/Texture/Image/UiFavorability/UiFStoryStage106100301.png	HG10601BS		1	信赖度<color=#C14F38>1</color>级解锁	1					
74	1061003	神威·暗能·其之二	Assets/Product/Texture/Image/UiFavorability/UiFStoryStage01.png	HG10602BS		2	信赖度<color=#C14F38>2</color>级解锁	2					
75	1061003	神威·暗能·其之三	Assets/Product/Texture/Image/UiFavorability/UiFStoryStage02.png	HG10603BS		3	信赖度<color=#C14F38>3</color>级解锁	3					
76	1061003	神威·暗能·其之四	Assets/Product/Texture/Image/UiFavorability/UiFStoryStage05.png	HG10604BS		4	信赖度<color=#C14F38>4</color>级解锁	4					
77	1061003	神威·暗能·其之五	Assets/Product/Texture/Image/UiFavorability/UiFStoryStage03.png	HG10605BS		5	信赖度<color=#C14F38>5</color>级解锁	5					
78	1061003	神威·暗能·其之六	Assets/Product/Texture/Image/UiFavorability/UiFStoryStage106100302.png	HG10606BS		6	信赖度<color=#C14F38>6</color>级解锁	6					
79	1011003	里·乱数·其之一	Assets/Product/Texture/Image/UiFavorability/UiFStoryStage101100301.png	HG10101BS		1	信赖度<color=#C14F38>1</color>级解锁	1					
80	1011003	里·乱数·其之二	Assets/Product/Texture/Image/UiFavorability/UiFStoryStage04.png	HG10102BS		2	信赖度<color=#C14F38>2</color>级解锁	2					
81	1011003	里·乱数·其之三	Assets/Product/Texture/Image/UiFavorability/UiFStoryStage05.png	HG10103BS		3	信赖度<color=#C14F38>3</color>级解锁	3					
82	1011003	里·乱数·其之四	Assets/Product/Texture/Image/UiFavorability/UiFStoryStage101100302.png	HG10104BS		4	信赖度<color=#C14F38>4</color>级解锁	4					
83	1011003	里·乱数·其之五	Assets/Product/Texture/Image/UiFavorability/UiFStoryStage101100303.png	HG10105BS		5	信赖度<color=#C14F38>5</color>级解锁	5					
84	1011003	里·乱数·其之六	Assets/Product/Texture/Image/UiFavorability/UiFStoryStage101100304.png	HG10106BS		6	信赖度<color=#C14F38>6</color>级解锁	6					
85	1051003	七实·脉冲·其之一	Assets/Product/Texture/Image/UiFavorability/UiFStoryStage105100301.png	HG10501BS		1	信赖度<color=#C14F38>1</color>级解锁	1					
86	1051003	七实·脉冲·其之二	Assets/Product/Texture/Image/UiFavorability/UiFStoryStage01.png	HG10502BS		2	信赖度<color=#C14F38>2</color>级解锁	2					
87	1051003	七实·脉冲·其之三	Assets/Product/Texture/Image/UiFavorability/UiFStoryStage01.png	HG10503BS		3	信赖度<color=#C14F38>3</color>级解锁	3					
88	1051003	七实·脉冲·其之四	Assets/Product/Texture/Image/UiFavorability/UiFStoryStage105100302.png	HG10504BS		4	信赖度<color=#C14F38>4</color>级解锁	4					
89	1051003	七实·脉冲·其之五	Assets/Product/Texture/Image/UiFavorability/UiFStoryStage02.png	HG10505BS		5	信赖度<color=#C14F38>5</color>级解锁	5					
90	1051003	七实·脉冲·其之六	Assets/Product/Texture/Image/UiFavorability/UiFStoryStage105100303.png	HG10506BS		6	信赖度<color=#C14F38>6</color>级解锁	6					
91	1021003	露西亚·深红之渊·其之一	Assets/Product/Texture/Image/UiFavorability/UiFStoryStage102100301.png	HG10201BC		1	信赖度<color=#C14F38>1</color>级解锁	1					
92	1021003	露西亚·深红之渊·其之二	Assets/Product/Texture/Image/UiFavorability/UiFStoryStage102100302.png	HG10202BC		2	信赖度<color=#C14F38>2</color>级解锁	2					
93	1021003	露西亚·深红之渊·其之三	Assets/Product/Texture/Image/UiFavorability/UiFStoryStage04.png	HG10203BC		3	信赖度<color=#C14F38>3</color>级解锁	3					
94	1021003	露西亚·深红之渊·其之四	Assets/Product/Texture/Image/UiFavorability/UiFStoryStage102100303.png	HG10204BC		4	信赖度<color=#C14F38>4</color>级解锁	4					
95	1021003	露西亚·深红之渊·其之五	Assets/Product/Texture/Image/UiFavorability/UiFStoryStage102100304.png	HG10205BC		5	信赖度<color=#C14F38>5</color>级解锁	5					
96	1021003	露西亚·深红之渊·其之六	Assets/Product/Texture/Image/UiFavorability/UiFStoryStage102100305.png	HG10206BC		6	信赖度<color=#C14F38>6</color>级解锁	6					
97	1081003	渡边·夙星·其之一	Assets/Product/Texture/Image/UiFavorability/UiFStoryStage108100301.png	HG10801BS		1	信赖度<color=#C14F38>1</color>级解锁	1					
98	1081003	渡边·夙星·其之二	Assets/Product/Texture/Image/UiFavorability/UiFStoryStage06.png	HG10802BS		2	信赖度<color=#C14F38>2</color>级解锁	2					
99	1081003	渡边·夙星·其之三	Assets/Product/Texture/Image/UiFavorability/UiFStoryStage01.png	HG10803BS		3	信赖度<color=#C14F38>3</color>级解锁	3					
100	1081003	渡边·夙星·其之四	Assets/Product/Texture/Image/UiFavorability/UiFStoryStage108100302.png	HG10804BS		4	信赖度<color=#C14F38>4</color>级解锁	4					
101	1081003	渡边·夙星·其之五	Assets/Product/Texture/Image/UiFavorability/UiFStoryStage02.png	HG10805BS		5	信赖度<color=#C14F38>5</color>级解锁	5					
102	1081003	渡边·夙星·其之六	Assets/Product/Texture/Image/UiFavorability/UiFStoryStage108100303.png	HG10806BS		6	信赖度<color=#C14F38>6</color>级解锁	6					
103	1091002	艾拉·溢彩·其之一	Assets/Product/Texture/Image/UiFavorability/UiFStoryStage109100201.png	HG10901BA		1	信赖度<color=#C14F38>1</color>级解锁	1					
104	1091002	艾拉·溢彩·其之二	Assets/Product/Texture/Image/UiFavorability/UiFStoryStage03.png	HG10902BA		2	信赖度<color=#C14F38>2</color>级解锁	2					
105	1091002	艾拉·溢彩·其之三	Assets/Product/Texture/Image/UiFavorability/UiFStoryStage04.png	HG10903BA		3	信赖度<color=#C14F38>3</color>级解锁	3					
106	1091002	艾拉·溢彩·其之四	Assets/Product/Texture/Image/UiFavorability/UiFStoryStage109100202.png	HG10904BA		4	信赖度<color=#C14F38>4</color>级解锁	4					
107	1091002	艾拉·溢彩·其之五	Assets/Product/Texture/Image/UiFavorability/UiFStoryStage05.png	HG10905BA		5	信赖度<color=#C14F38>5</color>级解锁	5					
108	1091002	艾拉·溢彩·其之六	Assets/Product/Texture/Image/UiFavorability/UiFStoryStage109100203.png	HG10906BA		6	信赖度<color=#C14F38>6</color>级解锁	6					
109	1041003	比安卡·真理·其之一	Assets/Product/Texture/Image/UiFavorability/UiFStoryStage104100301.png	HG10401BS		1	信赖度<color=#C14F38>1</color>级解锁	1					
110	1041003	比安卡·真理·其之二	Assets/Product/Texture/Image/UiFavorability/UiFStoryStage06.png	HG10402BS		2	信赖度<color=#C14F38>2</color>级解锁	2					
111	1041003	比安卡·真理·其之三	Assets/Product/Texture/Image/UiFavorability/UiFStoryStage01.png	HG10403BS		3	信赖度<color=#C14F38>3</color>级解锁	3					
112	1041003	比安卡·真理·其之四	Assets/Product/Texture/Image/UiFavorability/UiFStoryStage104100302.png	HG10404BS		4	信赖度<color=#C14F38>4</color>级解锁	4					
113	1041003	比安卡·真理·其之五	Assets/Product/Texture/Image/UiFavorability/UiFStoryStage02.png	HG10405BS		5	信赖度<color=#C14F38>5</color>级解锁	5					
114	1041003	比安卡·真理·其之六	Assets/Product/Texture/Image/UiFavorability/UiFStoryStage104100303.png	HG10406BS		6	信赖度<color=#C14F38>6</color>级解锁	6					
115	1111002	苏菲亚·银牙·其之一	Assets/Product/Texture/Image/UiFavorability/UiFStoryStage111100201.png	HG11101BA		1	信赖度<color=#C14F38>1</color>级解锁	1					
116	1111002	苏菲亚·银牙·其之二	Assets/Product/Texture/Image/UiFavorability/UiFStoryStage03.png	HG11102BA		2	信赖度<color=#C14F38>2</color>级解锁	2					
117	1111002	苏菲亚·银牙·其之三	Assets/Product/Texture/Image/UiFavorability/UiFStoryStage04.png	HG11103BA		3	信赖度<color=#C14F38>3</color>级解锁	3					
118	1111002	苏菲亚·银牙·其之四	Assets/Product/Texture/Image/UiFavorability/UiFStoryStage111100202.png	HG11104BA		4	信赖度<color=#C14F38>4</color>级解锁	4					
119	1111002	苏菲亚·银牙·其之五	Assets/Product/Texture/Image/UiFavorability/UiFStoryStage05.png	HG11105BA		5	信赖度<color=#C14F38>5</color>级解锁	5					
120	1111002	苏菲亚·银牙·其之六	Assets/Product/Texture/Image/UiFavorability/UiFStoryStage111100203.png	HG11106BA		6	信赖度<color=#C14F38>6</color>级解锁	6					
121	1121002	库洛姆·弧光·其之一	Assets/Product/Texture/Image/UiFavorability/UiFStoryStage112100201.png	HG11201BA		1	信赖度<color=#C14F38>1</color>级解锁	1					
122	1121002	库洛姆·弧光·其之二	Assets/Product/Texture/Image/UiFavorability/UiFStoryStage06.png	HG11202BA		2	信赖度<color=#C14F38>2</color>级解锁	2					
123	1121002	库洛姆·弧光·其之三	Assets/Product/Texture/Image/UiFavorability/UiFStoryStage112100202.png	HG11203BA		3	信赖度<color=#C14F38>3</color>级解锁	3					
124	1121002	库洛姆·弧光·其之四	Assets/Product/Texture/Image/UiFavorability/UiFStoryStage112100203.png	HG11204BA		4	信赖度<color=#C14F38>4</color>级解锁	4					
125	1121002	库洛姆·弧光·其之五	Assets/Product/Texture/Image/UiFavorability/UiFStoryStage02.png	HG11205BA		5	信赖度<color=#C14F38>5</color>级解锁	5					
126	1121002	库洛姆·弧光·其之六	Assets/Product/Texture/Image/UiFavorability/UiFStoryStage112100204.png	HG11206BA		6	信赖度<color=#C14F38>6</color>级解锁	6					
127	1021004	露西亚·鸦羽·其之一	Assets/Product/Texture/Image/UiFavorability/UiFStoryStage102100401.png	HG10201BS		1	信赖度<color=#C14F38>1</color>级解锁	1					
128	1021004	露西亚·鸦羽·其之二	Assets/Product/Texture/Image/UiFavorability/UiFStoryStage03.png	HG10202BS		2	信赖度<color=#C14F38>2</color>级解锁	2					
129	1021004	露西亚·鸦羽·其之三	Assets/Product/Texture/Image/UiFavorability/UiFStoryStage04.png	HG10203BS		3	信赖度<color=#C14F38>3</color>级解锁	3					
130	1021004	露西亚·鸦羽·其之四	Assets/Product/Texture/Image/UiFavorability/UiFStoryStage102100402.png	HG10204BS		4	信赖度<color=#C14F38>4</color>级解锁	4					
131	1021004	露西亚·鸦羽·其之五	Assets/Product/Texture/Image/UiFavorability/UiFStoryStage05.png	HG10205BS		5	信赖度<color=#C14F38>5</color>级解锁	5					
132	1021004	露西亚·鸦羽·其之六	Assets/Product/Texture/Image/UiFavorability/UiFStoryStage102100403.png	HG10206BS		6	信赖度<color=#C14F38>6</color>级解锁	6					
133	1131002	薇拉·瑰丽·其之一	Assets/Product/Texture/Image/UiFavorability/UiFStoryStage113100201.png	HG11301BA		1	信赖度<color=#C14F38>1</color>级解锁	1					
134	1131002	薇拉·瑰丽·其之二	Assets/Product/Texture/Image/UiFavorability/UiFStoryStage06.png	HG11302BA		2	信赖度<color=#C14F38>2</color>级解锁	2					
135	1131002	薇拉·瑰丽·其之三	Assets/Product/Texture/Image/UiFavorability/UiFStoryStage01.png	HG11303BA		3	信赖度<color=#C14F38>3</color>级解锁	3					
136	1131002	薇拉·瑰丽·其之四	Assets/Product/Texture/Image/UiFavorability/UiFStoryStage04.png	HG11304BA		4	信赖度<color=#C14F38>4</color>级解锁	4					
137	1131002	薇拉·瑰丽·其之五	Assets/Product/Texture/Image/UiFavorability/UiFStoryStage02.png	HG11305BA		5	信赖度<color=#C14F38>5</color>级解锁	5					
138	1131002	薇拉·瑰丽·其之六	Assets/Product/Texture/Image/UiFavorability/UiFStoryStage113100202.png	HG11306BA		6	信赖度<color=#C14F38>6</color>级解锁	6					
139	1511003	卡穆·狂犬·其之一	Assets/Product/Texture/Image/UiFavorability/UiFStoryStage151100301.png	HG15101BA		1	信赖度<color=#C14F38>1</color>级解锁	1					
140	1511003	卡穆·狂犬·其之二	Assets/Product/Texture/Image/UiFavorability/UiFStoryStage03.png	HG15102BA		2	信赖度<color=#C14F38>2</color>级解锁	2					
141	1511003	卡穆·狂犬·其之三	Assets/Product/Texture/Image/UiFavorability/UiFStoryStage04.png	HG15103BA		3	信赖度<color=#C14F38>3</color>级解锁	3					
142	1511003	卡穆·狂犬·其之四	Assets/Product/Texture/Image/UiFavorability/UiFStoryStage151100302.png	HG15104BA		4	信赖度<color=#C14F38>4</color>级解锁	4					
143	1511003	卡穆·狂犬·其之五	Assets/Product/Texture/Image/UiFavorability/UiFStoryStage05.png	HG15105BA		5	信赖度<color=#C14F38>5</color>级解锁	5					
144	1511003	卡穆·狂犬·其之六	Assets/Product/Texture/Image/UiFavorability/UiFStoryStage151100303.png	HG15106BA		6	信赖度<color=#C14F38>6</color>级解锁	6					
145	1141003	罗塞塔·凛冽·其之一	Assets/Product/Texture/Image/UiFavorability/UiFStoryStage114100301.png	HG11401BA		1	信赖度<color=#C14F38>1</color>级解锁	1					
146	1141003	罗塞塔·凛冽·其之二	Assets/Product/Texture/Image/UiFavorability/UiFStoryStage06.png	HG11402BA		2	信赖度<color=#C14F38>2</color>级解锁	2					
147	1141003	罗塞塔·凛冽·其之三	Assets/Product/Texture/Image/UiFavorability/UiFStoryStage01.png	HG11403BA		3	信赖度<color=#C14F38>3</color>级解锁	3					
148	1141003	罗塞塔·凛冽·其之四	Assets/Product/Texture/Image/UiFavorability/UiFStoryStage114100302.png	HG11404BA		4	信赖度<color=#C14F38>4</color>级解锁	4					
149	1141003	罗塞塔·凛冽·其之五	Assets/Product/Texture/Image/UiFavorability/UiFStoryStage114100303.png	HG11405BA		5	信赖度<color=#C14F38>5</color>级解锁	5					
150	1141003	罗塞塔·凛冽·其之六	Assets/Product/Texture/Image/UiFavorability/UiFStoryStage114100304.png	HG11406BA		6	信赖度<color=#C14F38>6</color>级解锁	6					
151	1521003	曲·雀翎·其之一	Assets/Product/Texture/Image/UiFavorability/UiFStoryStage152100301.png	HG15201BA		1	信赖度<color=#C14F38>1</color>级解锁	1					
152	1521003	曲·雀翎·其之二	Assets/Product/Texture/Image/UiFavorability/UiFStoryStage03.png	HG15202BA		2	信赖度<color=#C14F38>2</color>级解锁	2					
153	1521003	曲·雀翎·其之三	Assets/Product/Texture/Image/UiFavorability/UiFStoryStage152100302.png	HG15203BA		3	信赖度<color=#C14F38>3</color>级解锁	3					
154	1521003	曲·雀翎·其之四	Assets/Product/Texture/Image/UiFavorability/UiFStoryStage152100303.png	HG15204BA		4	信赖度<color=#C14F38>4</color>级解锁	4					
155	1521003	曲·雀翎·其之五	Assets/Product/Texture/Image/UiFavorability/UiFStoryStage05.png	HG15205BA		5	信赖度<color=#C14F38>5</color>级解锁	5					
156	1521003	曲·雀翎·其之六	Assets/Product/Texture/Image/UiFavorability/UiFStoryStage152100304.png	HG15206BA		6	信赖度<color=#C14F38>6</color>级解锁	6					
157	1161002	常羽·游麟·其之一	Assets/Product/Texture/Image/UiFavorability/UiFStoryStage116100201.png	HG11601BA		1	信赖度<color=#C14F38>1</color>级解锁	1					
158	1161002	常羽·游麟·其之二	Assets/Product/Texture/Image/UiFavorability/UiFStoryStage06.png	HG11602BA		2	信赖度<color=#C14F38>2</color>级解锁	2					
159	1161002	常羽·游麟·其之三	Assets/Product/Texture/Image/UiFavorability/UiFStoryStage01.png	HG11603BA		3	信赖度<color=#C14F38>3</color>级解锁	3					
160	1161002	常羽·游麟·其之四	Assets/Product/Texture/Image/UiFavorability/UiFStoryStage116100202.png	HG11604BA		4	信赖度<color=#C14F38>4</color>级解锁	4					
161	1161002	常羽·游麟·其之五	Assets/Product/Texture/Image/UiFavorability/UiFStoryStage02.png	HG11605BA		5	信赖度<color=#C14F38>5</color>级解锁	5					
162	1161002	常羽·游麟·其之六	Assets/Product/Texture/Image/UiFavorability/UiFStoryStage116100203.png	HG11606BA		6	信赖度<color=#C14F38>6</color>级解锁	6					
163	1171003	露娜·银冕·其之一	Assets/Product/Texture/Image/UiFavorability/UiFStoryStage117100301.png	HG11701BA		1	信赖度<color=#C14F38>1</color>级解锁	1					
164	1171003	露娜·银冕·其之二	Assets/Product/Texture/Image/UiFavorability/UiFStoryStage117100302.png	HG11702BA		2	信赖度<color=#C14F38>2</color>级解锁	2					
165	1171003	露娜·银冕·其之三	Assets/Product/Texture/Image/UiFavorability/UiFStoryStage04.png	HG11703BA		3	信赖度<color=#C14F38>3</color>级解锁	3					
166	1171003	露娜·银冕·其之四	Assets/Product/Texture/Image/UiFavorability/UiFStoryStage03.png	HG11704BA		4	信赖度<color=#C14F38>4</color>级解锁	4					
167	1171003	露娜·银冕·其之五	Assets/Product/Texture/Image/UiFavorability/UiFStoryStage05.png	HG11705BA		5	信赖度<color=#C14F38>5</color>级解锁	5					
168	1171003	露娜·银冕·其之六	Assets/Product/Texture/Image/UiFavorability/UiFStoryStage01.png	HG11706BA		6	信赖度<color=#C14F38>6</color>级解锁	6					
169	1171003	露娜·银冕·其之七	Assets/Product/Texture/Image/UiFavorability/UiFStoryStage117100302.png	HG11707BA		7	信赖度<color=#C14F38>7</color>级解锁	7					
170	1171003	露娜·银冕·其之八	Assets/Product/Texture/Image/UiFavorability/UiFStoryStage117100303.png	HG11708BA		8	信赖度<color=#C14F38>8</color>级解锁	8					
171	1211002	万事·明觉·其之一	Assets/Product/Texture/Image/UiFavorability/UiFStoryStage121100201.png	HG11801BA		1	信赖度<color=#C14F38>1</color>级解锁	1					
172	1211002	万事·明觉·其之二	Assets/Product/Texture/Image/UiFavorability/UiFStoryStage02.png	HG11802BA		2	信赖度<color=#C14F38>2</color>级解锁	2					
173	1211002	万事·明觉·其之三	Assets/Product/Texture/Image/UiFavorability/UiFStoryStage03.png	HG11803BA		3	信赖度<color=#C14F38>3</color>级解锁	3					
174	1211002	万事·明觉·其之四	Assets/Product/Texture/Image/UiFavorability/UiFStoryStage121100202.png	HG11804BA		4	信赖度<color=#C14F38>4</color>级解锁	4					
175	1211002	万事·明觉·其之五	Assets/Product/Texture/Image/UiFavorability/UiFStoryStage04.png	HG11805BA		5	信赖度<color=#C14F38>5</color>级解锁	5					
176	1211002	万事·明觉·其之六	Assets/Product/Texture/Image/UiFavorability/UiFStoryStage121100203.png	HG11806BA		6	信赖度<color=#C14F38>6</color>级解锁	6					
177	1531003	赛琳娜·岚音·其之一	Assets/Product/Texture/Image/UiFavorability/UiFStoryStage153100301.png	HG11901BA		1	信赖度<color=#C14F38>1</color>级解锁	1					
178	1531003	赛琳娜·岚音·其之二	Assets/Product/Texture/Image/UiFavorability/UiFStoryStage05.png	HG11902BA		2	信赖度<color=#C14F38>2</color>级解锁	2					
179	1531003	赛琳娜·岚音·其之三	Assets/Product/Texture/Image/UiFavorability/UiFStoryStage06.png	HG11903BA		3	信赖度<color=#C14F38>3</color>级解锁	3					
180	1531003	赛琳娜·岚音·其之四	Assets/Product/Texture/Image/UiFavorability/UiFStoryStage153100302.png	HG11904BA		4	信赖度<color=#C14F38>4</color>级解锁	4					
181	1531003	赛琳娜·岚音·其之五	Assets/Product/Texture/Image/UiFavorability/UiFStoryStage01.png	HG11905BA		5	信赖度<color=#C14F38>5</color>级解锁	5					
182	1531003	赛琳娜·岚音·其之六	Assets/Product/Texture/Image/UiFavorability/UiFStoryStage153100303.png	HG11906BA		6	信赖度<color=#C14F38>6</color>级解锁	6					
183	1121003	库洛姆·荣光·其之一	Assets/Product/Texture/Image/UiFavorability/UiFStoryStage112100301.png	HG12001BA		1	信赖度<color=#C14F38>1</color>级解锁	1					
184	1121003	库洛姆·荣光·其之二	Assets/Product/Texture/Image/UiFavorability/UiFStoryStage02.png	HG12002BA		2	信赖度<color=#C14F38>2</color>级解锁	2					
185	1121003	库洛姆·荣光·其之三	Assets/Product/Texture/Image/UiFavorability/UiFStoryStage03.png	HG12003BA		3	信赖度<color=#C14F38>3</color>级解锁	3					
186	1121003	库洛姆·荣光·其之四	Assets/Product/Texture/Image/UiFavorability/UiFStoryStage112100302.png	HG12004BA		4	信赖度<color=#C14F38>4</color>级解锁	4					
187	1121003	库洛姆·荣光·其之五	Assets/Product/Texture/Image/UiFavorability/UiFStoryStage04.png	HG12005BA		5	信赖度<color=#C14F38>5</color>级解锁	5					
188	1121003	库洛姆·荣光·其之六	Assets/Product/Texture/Image/UiFavorability/UiFStoryStage112100303.png	HG12006BA		6	信赖度<color=#C14F38>6</color>级解锁	6					
189	1221002	21号·XXI·其之一	Assets/Product/Texture/Image/UiFavorability/UiFStoryStage122100201.png	HG12101BA		1	信赖度<color=#C14F38>1</color>级解锁	1					
190	1221002	21号·XXI·其之二	Assets/Product/Texture/Image/UiFavorability/UiFStoryStage05.png	HG12102BA		2	信赖度<color=#C14F38>2</color>级解锁	2					
191	1221002	21号·XXI·其之三	Assets/Product/Texture/Image/UiFavorability/UiFStoryStage06.png	HG12103BA		3	信赖度<color=#C14F38>3</color>级解锁	3					
192	1221002	21号·XXI·其之四	Assets/Product/Texture/Image/UiFavorability/UiFStoryStage122100202.png	HG12104BA		4	信赖度<color=#C14F38>4</color>级解锁	4					
193	1221002	21号·XXI·其之五	Assets/Product/Texture/Image/UiFavorability/UiFStoryStage01.png	HG12105BA		5	信赖度<color=#C14F38>5</color>级解锁	5					
194	1221002	21号·XXI·其之六	Assets/Product/Texture/Image/UiFavorability/UiFStoryStage122100203.png	HG12106BA		6	信赖度<color=#C14F38>6</color>级解锁	6					
195	1131003	薇拉·绯耀·其之一	Assets/Product/Texture/Image/UiFavorability/UiFStoryStage113100301.png	HG12201BA		1	信赖度<color=#C14F38>1</color>级解锁	1					
196	1131003	薇拉·绯耀·其之二	Assets/Product/Texture/Image/UiFavorability/UiFStoryStage02.png	HG12202BA		2	信赖度<color=#C14F38>2</color>级解锁	2					
197	1131003	薇拉·绯耀·其之三	Assets/Product/Texture/Image/UiFavorability/UiFStoryStage03.png	HG12203BA		3	信赖度<color=#C14F38>3</color>级解锁	3					
198	1131003	薇拉·绯耀·其之四	Assets/Product/Texture/Image/UiFavorability/UiFStoryStage113100302.png	HG12204BA		4	信赖度<color=#C14F38>4</color>级解锁	4					
199	1131003	薇拉·绯耀·其之五	Assets/Product/Texture/Image/UiFavorability/UiFStoryStage04.png	HG12205BA		5	信赖度<color=#C14F38>5</color>级解锁	5					
200	1131003	薇拉·绯耀·其之六	Assets/Product/Texture/Image/UiFavorability/UiFStoryStage113100303.png	HG12206BA		6	信赖度<color=#C14F38>6</color>级解锁	6					
201	1541003	罗兰·戏炎·其之一	Assets/Product/Texture/Image/UiFavorability/UiFStoryStage154100301.png	HG12301BA		1	信赖度<color=#C14F38>1</color>级解锁	1					
202	1541003	罗兰·戏炎·其之二	Assets/Product/Texture/Image/UiFavorability/UiFStoryStage01.png	HG12302BA		2	信赖度<color=#C14F38>2</color>级解锁	2					
203	1541003	罗兰·戏炎·其之三	Assets/Product/Texture/Image/UiFavorability/UiFStoryStage02.png	HG12303BA		3	信赖度<color=#C14F38>3</color>级解锁	3					
204	1541003	罗兰·戏炎·其之四	Assets/Product/Texture/Image/UiFavorability/UiFStoryStage154100302.png	HG12304BA		4	信赖度<color=#C14F38>4</color>级解锁	4					
205	1541003	罗兰·戏炎·其之五	Assets/Product/Texture/Image/UiFavorability/UiFStoryStage03.png	HG12305BA		5	信赖度<color=#C14F38>5</color>级解锁	5					
206	1541003	罗兰·戏炎·其之六	Assets/Product/Texture/Image/UiFavorability/UiFStoryStage154100303.png	HG12306BA		6	信赖度<color=#C14F38>6</color>级解锁	6					
207	1031004	丽芙·极昼·其之一	Assets/Product/Texture/Image/UiFavorability/UiFStoryStage103100401.png	HG12401BA		1	信赖度<color=#C14F38>1</color>级解锁	1					
208	1031004	丽芙·极昼·其之二	Assets/Product/Texture/Image/UiFavorability/UiFStoryStage02.png	HG12402BA		2	信赖度<color=#C14F38>2</color>级解锁	2					
209	1031004	丽芙·极昼·其之三	Assets/Product/Texture/Image/UiFavorability/UiFStoryStage03.png	HG12403BA		3	信赖度<color=#C14F38>3</color>级解锁	3					
210	1031004	丽芙·极昼·其之四	Assets/Product/Texture/Image/UiFavorability/UiFStoryStage103100402.png	HG12404BA		4	信赖度<color=#C14F38>4</color>级解锁	4					
211	1031004	丽芙·极昼·其之五	Assets/Product/Texture/Image/UiFavorability/UiFStoryStage04.png	HG12405BA		5	信赖度<color=#C14F38>5</color>级解锁	5					
212	1031004	丽芙·极昼·其之六	Assets/Product/Texture/Image/UiFavorability/UiFStoryStage05.png	HG12406BA		5	信赖度<color=#C14F38>5</color>级解锁	6					
213	1031004	丽芙·极昼·其之七	Assets/Product/Texture/Image/UiFavorability/UiFStoryStage103100403.png	HG12407BA		6	信赖度<color=#C14F38>6</color>级解锁	7					
214	1531004	赛琳娜·幻奏·其之一	Assets/Product/Texture/Image/UiFavorability/UiFStoryStage153100401.png	HA12501BA		1	信赖度<color=#C14F38>1</color>级解锁	1					
215	1531004	赛琳娜·幻奏·其之二	Assets/Product/Texture/Image/UiFavorability/UiFStoryStage06.png	HA12502BA		2	信赖度<color=#C14F38>2</color>级解锁	2					
216	1531004	赛琳娜·幻奏·其之三	Assets/Product/Texture/Image/UiFavorability/UiFStoryStage01.png	HA12503BA		3	信赖度<color=#C14F38>3</color>级解锁	3					
217	1531004	赛琳娜·幻奏·其之四	Assets/Product/Texture/Image/UiFavorability/UiFStoryStage153100402.png	HA12504BA		4	信赖度<color=#C14F38>4</color>级解锁	4					
218	1531004	赛琳娜·幻奏·其之五	Assets/Product/Texture/Image/UiFavorability/UiFStoryStage02.png	HA12505BA		5	信赖度<color=#C14F38>5</color>级解锁	5					
219	1531004	赛琳娜·幻奏·其之六	Assets/Product/Texture/Image/UiFavorability/UiFStoryStage153100403.png	HA12506BA		6	信赖度<color=#C14F38>6</color>级解锁	6					
220	1551003	蒲牢·华钟·其之一	Assets/Product/Texture/Image/UiFavorability/UiFStoryStage155100301.png	HG12601BA		1	信赖度<color=#C14F38>1</color>级解锁	1					
221	1551003	蒲牢·华钟·其之二	Assets/Product/Texture/Image/UiFavorability/UiFStoryStage03.png	HG12602BA		2	信赖度<color=#C14F38>2</color>级解锁	2					
222	1551003	蒲牢·华钟·其之三	Assets/Product/Texture/Image/UiFavorability/UiFStoryStage04.png	HG12603BA		3	信赖度<color=#C14F38>3</color>级解锁	3					
223	1551003	蒲牢·华钟·其之四	Assets/Product/Texture/Image/UiFavorability/UiFStoryStage155100302.png	HG12604BA		4	信赖度<color=#C14F38>4</color>级解锁	4					
224	1551003	蒲牢·华钟·其之五	Assets/Product/Texture/Image/UiFavorability/UiFStoryStage05.png	HG12605BA		5	信赖度<color=#C14F38>5</color>级解锁	5					
225	1551003	蒲牢·华钟·其之六	Assets/Product/Texture/Image/UiFavorability/UiFStoryStage155100303.png	HG12606BA		6	信赖度<color=#C14F38>6</color>级解锁	6					
226	1051004	七实·遥星之座·其之一	Assets/Product/Texture/Image/UiFavorability/UiFStoryStage105100401.png	HG12701BA		1	信赖度<color=#C14F38>1</color>级解锁	1					
227	1051004	七实·遥星之座·其之二	Assets/Product/Texture/Image/UiFavorability/UiFStoryStage06.png	HG12702BA		2	信赖度<color=#C14F38>2</color>级解锁	2					
228	1051004	七实·遥星之座·其之三	Assets/Product/Texture/Image/UiFavorability/UiFStoryStage01.png	HG12703BA		3	信赖度<color=#C14F38>3</color>级解锁	3					
229	1051004	七实·遥星之座·其之四	Assets/Product/Texture/Image/UiFavorability/UiFStoryStage105100402.png	HG12704BA		4	信赖度<color=#C14F38>4</color>级解锁	4					
230	1051004	七实·遥星之座·其之五	Assets/Product/Texture/Image/UiFavorability/UiFStoryStage02.png	HG12705BA		5	信赖度<color=#C14F38>5</color>级解锁	5					
231	1051004	七实·遥星之座·其之六	Assets/Product/Texture/Image/UiFavorability/UiFStoryStage105100403.png	HG12706BA		6	信赖度<color=#C14F38>6</color>级解锁	6					
232	1561003	哈卡玛·隐星·其之一	Assets/Product/Texture/Image/UiFavorability/UiFStoryStage156100301.png	HG12801BA		1	信赖度<color=#C14F38>1</color>级解锁	1					
233	1561003	哈卡玛·隐星·其之二	Assets/Product/Texture/Image/UiFavorability/UiFStoryStage03.png	HG12802BA		2	信赖度<color=#C14F38>2</color>级解锁	2					
234	1561003	哈卡玛·隐星·其之三	Assets/Product/Texture/Image/UiFavorability/UiFStoryStage04.png	HG12803BA		3	信赖度<color=#C14F38>3</color>级解锁	3					
235	1561003	哈卡玛·隐星·其之四	Assets/Product/Texture/Image/UiFavorability/UiFStoryStage156100302.png	HG12804BA		4	信赖度<color=#C14F38>4</color>级解锁	4					
236	1561003	哈卡玛·隐星·其之五	Assets/Product/Texture/Image/UiFavorability/UiFStoryStage05.png	HG12805BA		5	信赖度<color=#C14F38>5</color>级解锁	5					
237	1561003	哈卡玛·隐星·其之六	Assets/Product/Texture/Image/UiFavorability/UiFStoryStage156100303.png	HG12806BA		6	信赖度<color=#C14F38>6</color>级解锁	6					
238	1071004	卡列尼娜·辉晓·其之一	Assets/Product/Texture/Image/UiFavorability/UiFStoryStage107100401.png	HG12901BA		1	信赖度<color=#C14F38>1</color>级解锁	1					
239	1071004	卡列尼娜·辉晓·其之二	Assets/Product/Texture/Image/UiFavorability/UiFStoryStage06.png	HG12902BA		2	信赖度<color=#C14F38>2</color>级解锁	2					
240	1071004	卡列尼娜·辉晓·其之三	Assets/Product/Texture/Image/UiFavorability/UiFStoryStage01.png	HG12903BA		3	信赖度<color=#C14F38>3</color>级解锁	3					
241	1071004	卡列尼娜·辉晓·其之四	Assets/Product/Texture/Image/UiFavorability/UiFStoryStage107100402.png	HG12904BA		4	信赖度<color=#C14F38>4</color>级解锁	4					
242	1071004	卡列尼娜·辉晓·其之五	Assets/Product/Texture/Image/UiFavorability/UiFStoryStage02.png	HG12905BA		5	信赖度<color=#C14F38>5</color>级解锁	5					
243	1071004	卡列尼娜·辉晓·其之六	Assets/Product/Texture/Image/UiFavorability/UiFStoryStage107100403.png	HG12906BA		6	信赖度<color=#C14F38>6</color>级解锁	6					
244	1571003	诺安·逆旅·其之一	Assets/Product/Texture/Image/UiFavorability/UiFStoryStage157100301.png	HG13001BA		1	信赖度<color=#C14F38>1</color>级解锁	1					
245	1571003	诺安·逆旅·其之二	Assets/Product/Texture/Image/UiFavorability/UiFStoryStage03.png	HG13002BA		2	信赖度<color=#C14F38>2</color>级解锁	2					
246	1571003	诺安·逆旅·其之三	Assets/Product/Texture/Image/UiFavorability/UiFStoryStage04.png	HG13003BA		3	信赖度<color=#C14F38>3</color>级解锁	3					
247	1571003	诺安·逆旅·其之四	Assets/Product/Texture/Image/UiFavorability/UiFStoryStage157100302.png	HG13004BA		4	信赖度<color=#C14F38>4</color>级解锁	4					
248	1571003	诺安·逆旅·其之五	Assets/Product/Texture/Image/UiFavorability/UiFStoryStage05.png	HG13005BA		5	信赖度<color=#C14F38>5</color>级解锁	5					
249	1571003	诺安·逆旅·其之六	Assets/Product/Texture/Image/UiFavorability/UiFStoryStage157100303.png	HG13006BA		6	信赖度<color=#C14F38>6</color>级解锁	6					
250	1041004	比安卡·深痕·其之一	Assets/Product/Texture/Image/UiFavorability/UiFStoryStage104100401.png	HG13101BA		1	信赖度<color=#C14F38>1</color>级解锁	1					
251	1041004	比安卡·深痕·其之二	Assets/Product/Texture/Image/UiFavorability/UiFStoryStage06.png	HG13102BA		2	信赖度<color=#C14F38>2</color>级解锁	2					
252	1041004	比安卡·深痕·其之三	Assets/Product/Texture/Image/UiFavorability/UiFStoryStage01.png	HG13103BA		3	信赖度<color=#C14F38>3</color>级解锁	3					
253	1041004	比安卡·深痕·其之四	Assets/Product/Texture/Image/UiFavorability/UiFStoryStage02.png	HG13104BA		4	信赖度<color=#C14F38>4</color>级解锁	4					
254	1041004	比安卡·深痕·其之五	Assets/Product/Texture/Image/UiFavorability/UiFStoryStage104100402.png	HG13105BA		5	信赖度<color=#C14F38>5</color>级解锁	5					
255	1041004	比安卡·深痕·其之六	Assets/Product/Texture/Image/UiFavorability/UiFStoryStage03.png	HG13106BA		5	信赖度<color=#C14F38>5</color>级解锁	6					
256	1041004	比安卡·深痕·其之七	Assets/Product/Texture/Image/UiFavorability/UiFStoryStage104100403.png	HG13107BA		6	信赖度<color=#C14F38>6</color>级解锁	7					
257	1231002	邦比娜塔·琉璃·其之一	Assets/Product/Texture/Image/UiFavorability/UiFStoryStage123100201.png	HG13201BA		1	信赖度<color=#C14F38>1</color>级解锁	1					
258	1231002	邦比娜塔·琉璃·其之二	Assets/Product/Texture/Image/UiFavorability/UiFStoryStage04.png	HG13202BA		2	信赖度<color=#C14F38>2</color>级解锁	2					
259	1231002	邦比娜塔·琉璃·其之三	Assets/Product/Texture/Image/UiFavorability/UiFStoryStage05.png	HG13203BA		3	信赖度<color=#C14F38>3</color>级解锁	3					
260	1231002	邦比娜塔·琉璃·其之四	Assets/Product/Texture/Image/UiFavorability/UiFStoryStage123100202.png	HG13204BA		4	信赖度<color=#C14F38>4</color>级解锁	4					
261	1231002	邦比娜塔·琉璃·其之五	Assets/Product/Texture/Image/UiFavorability/UiFStoryStage06.png	HG13205BA		5	信赖度<color=#C14F38>5</color>级解锁	5					
262	1231002	邦比娜塔·琉璃·其之六	Assets/Product/Texture/Image/UiFavorability/UiFStoryStage123100203.png	HG13206BA		6	信赖度<color=#C14F38>6</color>级解锁	6					
263	1011004	里·超刻·其之一	Assets/Product/Texture/Image/UiFavorability/UiFStoryStage101100401.png	HG13301BA		1	信赖度<color=#C14F38>1</color>级解锁	1					
264	1011004	里·超刻·其之二	Assets/Product/Texture/Image/UiFavorability/UiFStoryStage01.png	HG13302BA		2	信赖度<color=#C14F38>2</color>级解锁	2					
265	1011004	里·超刻·其之三	Assets/Product/Texture/Image/UiFavorability/UiFStoryStage02.png	HG13303BA		3	信赖度<color=#C14F38>3</color>级解锁	3					
266	1011004	里·超刻·其之四	Assets/Product/Texture/Image/UiFavorability/UiFStoryStage101100402.png	HG13304BA		4	信赖度<color=#C14F38>4</color>级解锁	4					
267	1011004	里·超刻·其之五	Assets/Product/Texture/Image/UiFavorability/UiFStoryStage03.png	HG13305BA		5	信赖度<color=#C14F38>5</color>级解锁	5					
268	1011004	里·超刻·其之六	Assets/Product/Texture/Image/UiFavorability/UiFStoryStage101100403.png	HG13306BA		6	信赖度<color=#C14F38>6</color>级解锁	6					
269	1091003	艾拉·万华·其之一	Assets/Product/Texture/Image/UiFavorability/UiFStoryStage109100301.png	HG13401BA		1	信赖度<color=#C14F38>1</color>级解锁	1					
270	1091003	艾拉·万华·其之二	Assets/Product/Texture/Image/UiFavorability/UiFStoryStage04.png	HG13402BA		2	信赖度<color=#C14F38>2</color>级解锁	2					
271	1091003	艾拉·万华·其之三	Assets/Product/Texture/Image/UiFavorability/UiFStoryStage05.png	HG13403BA		3	信赖度<color=#C14F38>3</color>级解锁	3					
272	1091003	艾拉·万华·其之四	Assets/Product/Texture/Image/UiFavorability/UiFStoryStage109100302.png	HG13404BA		4	信赖度<color=#C14F38>4</color>级解锁	4					
273	1091003	艾拉·万华·其之五	Assets/Product/Texture/Image/UiFavorability/UiFStoryStage06.png	HG13405BA		5	信赖度<color=#C14F38>5</color>级解锁	5					
274	1091003	艾拉·万华·其之六	Assets/Product/Texture/Image/UiFavorability/UiFStoryStage109100303.png	HG13406BA		6	信赖度<color=#C14F38>6</color>级解锁	6					
275	1021005	露西亚·深红囚影·其之一	Assets/Product/Texture/Image/UiFavorability/UiFStoryStage102100501.png	HG13501BA		1	信赖度<color=#C14F38>1</color>级解锁	1					
276	1021005	露西亚·深红囚影·其之二	Assets/Product/Texture/Image/UiFavorability/UiFStoryStage01.png	HG13502BA		2	信赖度<color=#C14F38>2</color>级解锁	2					
277	1021005	露西亚·深红囚影·其之三	Assets/Product/Texture/Image/UiFavorability/UiFStoryStage02.png	HG13503BA		3	信赖度<color=#C14F38>3</color>级解锁	3					
278	1021005	露西亚·深红囚影·其之四	Assets/Product/Texture/Image/UiFavorability/UiFStoryStage102100502.png	HG13504BA		4	信赖度<color=#C14F38>4</color>级解锁	4					
279	1021005	露西亚·深红囚影·其之五	Assets/Product/Texture/Image/UiFavorability/UiFStoryStage03.png	HG13505BA		5	信赖度<color=#C14F38>5</color>级解锁	5					
280	1021005	露西亚·深红囚影·其之六	Assets/Product/Texture/Image/UiFavorability/UiFStoryStage102100503.png	HG13506BA		6	信赖度<color=#C14F38>6</color>级解锁	6					
281	1241002	含英·清商·其之一	Assets/Product/Texture/Image/UiFavorability/UiFStoryStage124100201.png	HG13601BA		1	信赖度<color=#C14F38>1</color>级解锁	1					
282	1241002	含英·清商·其之二	Assets/Product/Texture/Image/UiFavorability/UiFStoryStage124100202.png	HG13602BA		2	信赖度<color=#C14F38>2</color>级解锁	2					
283	1241002	含英·清商·其之三	Assets/Product/Texture/Image/UiFavorability/UiFStoryStage05.png	HG13603BA		3	信赖度<color=#C14F38>3</color>级解锁	3					
284	1241002	含英·清商·其之四	Assets/Product/Texture/Image/UiFavorability/UiFStoryStage124100203.png	HG13604BA		4	信赖度<color=#C14F38>4</color>级解锁	4					
285	1241002	含英·清商·其之五	Assets/Product/Texture/Image/UiFavorability/UiFStoryStage06.png	HG13605BA		5	信赖度<color=#C14F38>5</color>级解锁	5					
286	1241002	含英·清商·其之六	Assets/Product/Texture/Image/UiFavorability/UiFStoryStage124100204.png	HG13606BA		6	信赖度<color=#C14F38>6</color>级解锁	6					
287	1221003	21号·森息·其之一	Assets/Product/Texture/Image/UiFavorability/UiFStoryStage122100301.png	HG13701BA		1	信赖度<color=#C14F38>1</color>级解锁	1					
288	1221003	21号·森息·其之二	Assets/Product/Texture/Image/UiFavorability/UiFStoryStage01.png	HG13702BA		2	信赖度<color=#C14F38>2</color>级解锁	2					
289	1221003	21号·森息·其之三	Assets/Product/Texture/Image/UiFavorability/UiFStoryStage02.png	HG13703BA		3	信赖度<color=#C14F38>3</color>级解锁	3					
290	1221003	21号·森息·其之四	Assets/Product/Texture/Image/UiFavorability/UiFStoryStage122100302.png	HG13704BA		4	信赖度<color=#C14F38>4</color>级解锁	4					
291	1221003	21号·森息·其之五	Assets/Product/Texture/Image/UiFavorability/UiFStoryStage03.png	HG13705BA		5	信赖度<color=#C14F38>5</color>级解锁	5					
292	1221003	21号·森息·其之六	Assets/Product/Texture/Image/UiFavorability/UiFStoryStage122100303.png	HG13706BA		6	信赖度<color=#C14F38>6</color>级解锁	6					
293	1251002	诺克提·擎驱·其之一	Assets/Product/Texture/Image/UiFavorability/UiFStoryStage125100201.png	HG13801BA		1	信赖度<color=#C14F38>1</color>级解锁	1					
294	1251002	诺克提·擎驱·其之二	Assets/Product/Texture/Image/UiFavorability/UiFStoryStage04.png	HG13802BA		2	信赖度<color=#C14F38>2</color>级解锁	2					
295	1251002	诺克提·擎驱·其之三	Assets/Product/Texture/Image/UiFavorability/UiFStoryStage05.png	HG13803BA		3	信赖度<color=#C14F38>3</color>级解锁	3					
296	1251002	诺克提·擎驱·其之四	Assets/Product/Texture/Image/UiFavorability/UiFStoryStage125100202.png	HG13804BA		4	信赖度<color=#C14F38>4</color>级解锁	4					
297	1251002	诺克提·擎驱·其之五	Assets/Product/Texture/Image/UiFavorability/UiFStoryStage06.png	HG13805BA		5	信赖度<color=#C14F38>5</color>级解锁	5					
298	1251002	诺克提·擎驱·其之六	Assets/Product/Texture/Image/UiFavorability/UiFStoryStage125100203.png	HG13806BA		6	信赖度<color=#C14F38>6</color>级解锁	6					
299	1261003	亚里莎·回音·其之一	Assets/Product/Texture/Image/UiFavorability/UiFStoryStage126100301.png	HG13901BA		1	信赖度<color=#C14F38>1</color>级解锁	1					
300	1261003	亚里莎·回音·其之二	Assets/Product/Texture/Image/UiFavorability/UiFStoryStage01.png	HG13902BA		2	信赖度<color=#C14F38>2</color>级解锁	2					
301	1261003	亚里莎·回音·其之三	Assets/Product/Texture/Image/UiFavorability/UiFStoryStage02.png	HG13903BA		3	信赖度<color=#C14F38>3</color>级解锁	3					
302	1261003	亚里莎·回音·其之四	Assets/Product/Texture/Image/UiFavorability/UiFStoryStage126100302.png	HG13904BA		4	信赖度<color=#C14F38>4</color>级解锁	4					
303	1261003	亚里莎·回音·其之五	Assets/Product/Texture/Image/UiFavorability/UiFStoryStage03.png	HG13905BA		5	信赖度<color=#C14F38>5</color>级解锁	5					
304	1261003	亚里莎·回音·其之六	Assets/Product/Texture/Image/UiFavorability/UiFStoryStage126100303.png	HG13906BA		6	信赖度<color=#C14F38>6</color>级解锁	6					
305	1271003	拉弥亚·深谣·其之一	Assets/Product/Texture/Image/UiFavorability/UiFStoryStage127100301.png	HG14001BA		1	信赖度<color=#C14F38>1</color>级解锁	1					
306	1271003	拉弥亚·深谣·其之二	Assets/Product/Texture/Image/UiFavorability/UiFStoryStage04.png	HG14002BA		2	信赖度<color=#C14F38>2</color>级解锁	2					
307	1271003	拉弥亚·深谣·其之三	Assets/Product/Texture/Image/UiFavorability/UiFStoryStage05.png	HG14003BA		3	信赖度<color=#C14F38>3</color>级解锁	3					
308	1271003	拉弥亚·深谣·其之四	Assets/Product/Texture/Image/UiFavorability/UiFStoryStage127100302.png	HG14004BA		4	信赖度<color=#C14F38>4</color>级解锁	4					
309	1271003	拉弥亚·深谣·其之五	Assets/Product/Texture/Image/UiFavorability/UiFStoryStage02.png	HG14005BA		5	信赖度<color=#C14F38>5</color>级解锁	5					
310	1271003	拉弥亚·深谣·其之六	Assets/Product/Texture/Image/UiFavorability/UiFStoryStage127100303.png	HG14006BA		6	信赖度<color=#C14F38>6</color>级解锁	6					
311	1081004	渡边·尘铭·其之一	Assets/Product/Texture/Image/UiFavorability/UiFStoryStage108100401.png	HG14101BA		1	信赖度<color=#C14F38>1</color>级解锁	1					
312	1081004	渡边·尘铭·其之二	Assets/Product/Texture/Image/UiFavorability/UiFStoryStage02.png	HG14102BA		2	信赖度<color=#C14F38>2</color>级解锁	2					
313	1081004	渡边·尘铭·其之三	Assets/Product/Texture/Image/UiFavorability/UiFStoryStage03.png	HG14103BA		3	信赖度<color=#C14F38>3</color>级解锁	3					
314	1081004	渡边·尘铭·其之四	Assets/Product/Texture/Image/UiFavorability/UiFStoryStage108100402.png	HG14104BA		4	信赖度<color=#C14F38>4</color>级解锁	4					
315	1081004	渡边·尘铭·其之五	Assets/Product/Texture/Image/UiFavorability/UiFStoryStage06.png	HG14105BA		5	信赖度<color=#C14F38>5</color>级解锁	5					
316	1081004	渡边·尘铭·其之六	Assets/Product/Texture/Image/UiFavorability/UiFStoryStage108100403.png	HG14106BA		6	信赖度<color=#C14F38>6</color>级解锁	6					
317	1521004	曲·启明·其之一	Assets/Product/Texture/Image/UiFavorability/UiFStoryStage152100401.png	HG14201BA		1	信赖度<color=#C14F38>1</color>级解锁	1					
318	1521004	曲·启明·其之二	Assets/Product/Texture/Image/UiFavorability/UiFStoryStage01.png	HG14202BA		2	信赖度<color=#C14F38>2</color>级解锁	2					
319	1521004	曲·启明·其之三	Assets/Product/Texture/Image/UiFavorability/UiFStoryStage03.png	HG14203BA		3	信赖度<color=#C14F38>3</color>级解锁	3					
320	1521004	曲·启明·其之四	Assets/Product/Texture/Image/UiFavorability/UiFStoryStage152100402.png	HG14204BA		4	信赖度<color=#C14F38>4</color>级解锁	4					
321	1521004	曲·启明·其之五	Assets/Product/Texture/Image/UiFavorability/UiFStoryStage05.png	HG14205BA		5	信赖度<color=#C14F38>5</color>级解锁	5					
322	1521004	曲·启明·其之六	Assets/Product/Texture/Image/UiFavorability/UiFStoryStage152100403.png	HG14206BA		6	信赖度<color=#C14F38>6</color>级解锁	6					
323	1291002	布偶熊·觅语·其之一	Assets/Product/Texture/Image/UiFavorability/UiFStoryStage129100201.png	HG14301BA		1	信赖度<color=#C14F38>1</color>级解锁	1					
324	1291002	布偶熊·觅语·其之二	Assets/Product/Texture/Image/UiFavorability/UiFStoryStage04.png	HG14302BA		2	信赖度<color=#C14F38>2</color>级解锁	2					
325	1291002	布偶熊·觅语·其之三	Assets/Product/Texture/Image/UiFavorability/UiFStoryStage02.png	HG14303BA		3	信赖度<color=#C14F38>3</color>级解锁	3					
326	1291002	布偶熊·觅语·其之四	Assets/Product/Texture/Image/UiFavorability/UiFStoryStage129100202.png	HG14304BA		4	信赖度<color=#C14F38>4</color>级解锁	4					
327	1291002	布偶熊·觅语·其之五	Assets/Product/Texture/Image/UiFavorability/UiFStoryStage06.png	HG14305BA		5	信赖度<color=#C14F38>5</color>级解锁	5					
328	1291002	布偶熊·觅语·其之六	Assets/Product/Texture/Image/UiFavorability/UiFStoryStage129100203.png	HG14306BA		6	信赖度<color=#C14F38>6</color>级解锁	6					
329	1171004	露娜·终焉·其之一	Assets/Product/Texture/Image/UiFavorability/UiFStoryStage117100401.png	HG14401BA		1	信赖度<color=#C14F38>1</color>级解锁	1					
330	1171004	露娜·终焉·其之二	Assets/Product/Texture/Image/UiFavorability/UiFStoryStage03.png	HG14402BA		2	信赖度<color=#C14F38>2</color>级解锁	2					
331	1171004	露娜·终焉·其之三	Assets/Product/Texture/Image/UiFavorability/UiFStoryStage05.png	HG14403BA		3	信赖度<color=#C14F38>3</color>级解锁	3					
332	1171004	露娜·终焉·其之四	Assets/Product/Texture/Image/UiFavorability/UiFStoryStage117100402.png	HG14404BA		4	信赖度<color=#C14F38>4</color>级解锁	4					
333	1171004	露娜·终焉·其之五	Assets/Product/Texture/Image/UiFavorability/UiFStoryStage04.png	HG14405BA		5	信赖度<color=#C14F38>5</color>级解锁	5					
334	1171004	露娜·终焉·其之六	Assets/Product/Texture/Image/UiFavorability/UiFStoryStage117100403.png	HG14406BA		6	信赖度<color=#C14F38>6</color>级解锁	6					
335	1301002	布丽姬特·耀炎·其之一	Assets/Product/Texture/Image/UiFavorability/UiFStoryStage130100201.png	HG14501BA		1	信赖度<color=#C14F38>1</color>级解锁	1					
336	1301002	布丽姬特·耀炎·其之二	Assets/Product/Texture/Image/UiFavorability/UiFStoryStage03.png	HG14502BA		2	信赖度<color=#C14F38>2</color>级解锁	2					
337	1301002	布丽姬特·耀炎·其之三	Assets/Product/Texture/Image/UiFavorability/UiFStoryStage05.png	HG14503BA		3	信赖度<color=#C14F38>3</color>级解锁	3					
338	1301002	布丽姬特·耀炎·其之四	Assets/Product/Texture/Image/UiFavorability/UiFStoryStage130100202.png	HG14504BA		4	信赖度<color=#C14F38>4</color>级解锁	4					
339	1301002	布丽姬特·耀炎·其之五	Assets/Product/Texture/Image/UiFavorability/UiFStoryStage04.png	HG14505BA		5	信赖度<color=#C14F38>5</color>级解锁	5					
340	1301002	布丽姬特·耀炎·其之六	Assets/Product/Texture/Image/UiFavorability/UiFStoryStage130100203.png	HG14506BA		6	信赖度<color=#C14F38>6</color>级解锁	6					
341	1241003	含英·檀心·其之一	Assets/Product/Texture/Image/UiFavorability/UiFStoryStage124100301.png	HG14601BA		1	信赖度<color=#C14F38>1</color>级解锁	1					
342	1241003	含英·檀心·其之二	Assets/Product/Texture/Image/UiFavorability/UiFStoryStage03.png	HG14602BA		2	信赖度<color=#C14F38>2</color>级解锁	2					
343	1241003	含英·檀心·其之三	Assets/Product/Texture/Image/UiFavorability/UiFStoryStage05.png	HG14603BA		3	信赖度<color=#C14F38>3</color>级解锁	3					
344	1241003	含英·檀心·其之四	Assets/Product/Texture/Image/UiFavorability/UiFStoryStage124100302.png	HG14604BA		4	信赖度<color=#C14F38>4</color>级解锁	4					
345	1241003	含英·檀心·其之五	Assets/Product/Texture/Image/UiFavorability/UiFStoryStage04.png	HG14605BA		5	信赖度<color=#C14F38>5</color>级解锁	5					
346	1241003	含英·檀心·其之六	Assets/Product/Texture/Image/UiFavorability/UiFStoryStage124100303.png	HG14606BA		6	信赖度<color=#C14F38>6</color>级解锁	6					
347	1211003	万事·明晰梦·其之一	Assets/Product/Texture/Image/UiFavorability/UiFStoryStage121100301.png	HG14701BA		1	信赖度<color=#C14F38>1</color>级解锁	1					
348	1211003	万事·明晰梦·其之二	Assets/Product/Texture/Image/UiFavorability/UiFStoryStage03.png	HG14702BA		2	信赖度<color=#C14F38>2</color>级解锁	2					
349	1211003	万事·明晰梦·其之三	Assets/Product/Texture/Image/UiFavorability/UiFStoryStage05.png	HG14703BA		3	信赖度<color=#C14F38>3</color>级解锁	3					
350	1211003	万事·明晰梦·其之四	Assets/Product/Texture/Image/UiFavorability/UiFStoryStage121100302.png	HG14704BA		4	信赖度<color=#C14F38>4</color>级解锁	4					
351	1211003	万事·明晰梦·其之五	Assets/Product/Texture/Image/UiFavorability/UiFStoryStage04.png	HG14705BA		5	信赖度<color=#C14F38>5</color>级解锁	5					
352	1211003	万事·明晰梦·其之六	Assets/Product/Texture/Image/UiFavorability/UiFStoryStage121100303.png	HG14706BA		6	信赖度<color=#C14F38>6</color>级解锁	6					
353	1021006	露西亚·誓焰·其之一	Assets/Product/Texture/Image/UiFavorability/UiFStoryStage102100601.png	HG14801BA		1	信赖度<color=#C14F38>1</color>级解锁	1					
354	1021006	露西亚·誓焰·其之二	Assets/Product/Texture/Image/UiFavorability/UiFStoryStage03.png	HG14802BA		2	信赖度<color=#C14F38>2</color>级解锁	2					
355	1021006	露西亚·誓焰·其之三	Assets/Product/Texture/Image/UiFavorability/UiFStoryStage05.png	HG14803BA		3	信赖度<color=#C14F38>3</color>级解锁	3					
356	1021006	露西亚·誓焰·其之四	Assets/Product/Texture/Image/UiFavorability/UiFStoryStage102100602.png	HG14804BA		4	信赖度<color=#C14F38>4</color>级解锁	4					
357	1021006	露西亚·誓焰·其之五	Assets/Product/Texture/Image/UiFavorability/UiFStoryStage04.png	HG14805BA		5	信赖度<color=#C14F38>5</color>级解锁	5					
358	1021006	露西亚·誓焰·其之六	Assets/Product/Texture/Image/UiFavorability/UiFStoryStage01.png	HG14806BA		6	信赖度<color=#C14F38>6</color>级解锁	6					
359	1021006	露西亚·誓焰·其之七	Assets/Product/Texture/Image/UiFavorability/UiFStoryStage102100603.png	HG14807BA		7	信赖度<color=#C14F38>7</color>级解锁	7					
360	1311002	八咫·徊闪·其之一	Assets/Product/Texture/Image/UiFavorability/UiFStoryStage131100201.png	HG14901BA		1	信赖度<color=#C14F38>1</color>级解锁	1					
361	1311002	八咫·徊闪·其之二	Assets/Product/Texture/Image/UiFavorability/UiFStoryStage03.png	HG14902BA		2	信赖度<color=#C14F38>2</color>级解锁	2					
362	1311002	八咫·徊闪·其之三	Assets/Product/Texture/Image/UiFavorability/UiFStoryStage05.png	HG14903BA		3	信赖度<color=#C14F38>3</color>级解锁	3					
363	1311002	八咫·徊闪·其之四	Assets/Product/Texture/Image/UiFavorability/UiFStoryStage131100202.png	HG14904BA		4	信赖度<color=#C14F38>4</color>级解锁	4					
364	1311002	八咫·徊闪·其之五	Assets/Product/Texture/Image/UiFavorability/UiFStoryStage04.png	HG14905BA		5	信赖度<color=#C14F38>5</color>级解锁	5					
365	1311002	八咫·徊闪·其之六	Assets/Product/Texture/Image/UiFavorability/UiFStoryStage131100203.png	HG14906BA		6	信赖度<color=#C14F38>6</color>级解锁	6					
366	1051005	七实·芒星之迹·其之一	Assets/Product/Texture/Image/UiFavorability/UiFStoryStage105100501.png	HG15001BA		1	信赖度<color=#C14F38>1</color>级解锁	1					
367	1051005	七实·芒星之迹·其之二	Assets/Product/Texture/Image/UiFavorability/UiFStoryStage03.png	HG15002BA		2	信赖度<color=#C14F38>2</color>级解锁	2					
368	1051005	七实·芒星之迹·其之三	Assets/Product/Texture/Image/UiFavorability/UiFStoryStage05.png	HG15003BA		3	信赖度<color=#C14F38>3</color>级解锁	3					
369	1051005	七实·芒星之迹·其之四	Assets/Product/Texture/Image/UiFavorability/UiFStoryStage105100502.png	HG15004BA		4	信赖度<color=#C14F38>4</color>级解锁	4					
370	1051005	七实·芒星之迹·其之五	Assets/Product/Texture/Image/UiFavorability/UiFStoryStage04.png	HG15005BA		5	信赖度<color=#C14F38>5</color>级解锁	5					
371	1051005	七实·芒星之迹·其之六	Assets/Product/Texture/Image/UiFavorability/UiFStoryStage105100503.png	HG15006BA		6	信赖度<color=#C14F38>6</color>级解锁	6					
372	1321003	伊什梅尔·幻日·其之一	Assets/Product/Texture/Image/UiFavorability/UiFStoryStage132100301.png		13020101			1			[1, 2]	1	
373	1321003	伊什梅尔·幻日·其之二	Assets/Product/Texture/Image/UiFavorability/UiFStoryStage03.png		13020102		通关上一关卡解锁	2			[1]	1	
374	1321003	伊什梅尔·幻日·其之三	Assets/Product/Texture/Image/UiFavorability/UiFStoryStage132100302.png		13020103		通关上一关卡解锁	3	99000		[1]	1	
375	1321003	伊什梅尔·幻日·其之四	Assets/Product/Texture/Image/UiFavorability/UiFStoryStage05.png		13020104		通关上一关卡解锁	4		*推荐通关主线【锈夜逐光】后观看	[1, 2]	1	
376	1321003	伊什梅尔·幻日·其之五	Assets/Product/Texture/Image/UiFavorability/UiFStoryStage132100303.png		13020105		通关上一关卡解锁	5			[1]	1	
377	1321003	伊什梅尔·幻日·其之六	Assets/Product/Texture/Image/UiFavorability/UiFStoryStage04.png		13020106		通关上一关卡解锁	6	99001		[1]	2	['Assets/Product/Texture/Image/UiFavorability/UiFavorabilityStoryDetailBgV300.png']
378	1331003	莉莉丝·谬影·其之一	Assets/Product/Texture/Image/UiFavorability/UiFStoryStage133100301.png		13020201			1			[1]	1	
379	1331003	莉莉丝·谬影·其之二	Assets/Product/Texture/Image/UiFavorability/UiFStoryStage03.png		13020202		通关上一关卡解锁	2			[1]	1	
380	1331003	莉莉丝·谬影·其之三	Assets/Product/Texture/Image/UiFavorability/UiFStoryStage133100302.png		13020203		通关上一关卡解锁	3	99002		[1]	1	
381	1331003	莉莉丝·谬影·其之四	Assets/Product/Texture/Image/UiFavorability/UiFStoryStage05.png		13020204		通关上一关卡解锁	4			[1, 2]	1	
382	1331003	莉莉丝·谬影·其之五	Assets/Product/Texture/Image/UiFavorability/UiFStoryStage133100303.png		13020205		通关上一关卡解锁	5			[1]	2	['Assets/Product/Texture/Image/UiFavorability/UiFavorabilityStoryDetailBgV301.png']
383	1331003	莉莉丝·谬影·其之六	Assets/Product/Texture/Image/UiFavorability/UiFStoryStage04.png		13020206		通关上一关卡解锁	6	99003		[1, 2]	1	
384	1531005	赛琳娜·希声·其之一	Assets/Product/Texture/Image/UiFavorability/UiFStoryStage153100501.png		13020301			1			[1]	1	
385	1531005	赛琳娜·希声·其之二	Assets/Product/Texture/Image/UiFavorability/UiFStoryStage03.png		13020302		通关上一关卡解锁	2			[1, 2]	1	
386	1531005	赛琳娜·希声·其之三	Assets/Product/Texture/Image/UiFavorability/UiFStoryStage153100502.png		13020303		通关上一关卡解锁	3	99004		[1]	1	
387	1531005	赛琳娜·希声·其之四	Assets/Product/Texture/Image/UiFavorability/UiFStoryStage05.png		13020304		通关上一关卡解锁	4			[1]	1	
388	1531005	赛琳娜·希声·其之五	Assets/Product/Texture/Image/UiFavorability/UiFStoryStage153100503.png		13020305		通关上一关卡解锁	5			[1]	1	
389	1531005	赛琳娜·希声·其之六	Assets/Product/Texture/Image/UiFavorability/UiFStoryStage04.png		13020306		通关上一关卡解锁	6	99005		[1, 2]	2	['Assets/Product/Texture/Image/UiFavorability/UiFavorabilityStoryDetailBgV302.png']
390	1341002	洁塔薇·破晓·其之一	Assets/Product/Texture/Image/UiFavorability/UiFStoryStage134100201.png	HG15601BA		1	信赖度<color=#C14F38>1</color>级解锁	1					
391	1341002	洁塔薇·破晓·其之二	Assets/Product/Texture/Image/UiFavorability/UiFStoryStage03.png	HG15602BA		2	信赖度<color=#C14F38>2</color>级解锁	2					
392	1341002	洁塔薇·破晓·其之三	Assets/Product/Texture/Image/UiFavorability/UiFStoryStage05.png	HG15603BA		3	信赖度<color=#C14F38>3</color>级解锁	3					
393	1341002	洁塔薇·破晓·其之四	Assets/Product/Texture/Image/UiFavorability/UiFStoryStage134100202.png	HG15604BA		4	信赖度<color=#C14F38>4</color>级解锁	4					
394	1341002	洁塔薇·破晓·其之五	Assets/Product/Texture/Image/UiFavorability/UiFStoryStage04.png	HG15605BA		5	信赖度<color=#C14F38>5</color>级解锁	5					
395	1341002	洁塔薇·破晓·其之六	Assets/Product/Texture/Image/UiFavorability/UiFStoryStage134100203.png	HG15606BA		6	信赖度<color=#C14F38>6</color>级解锁	6					
396	1131004	薇拉·灼惘·其之一	Assets/Product/Texture/Image/UiFavorability/UiFStoryStage113100401.png		13020401			1			[1, 2]	1	
397	1131004	薇拉·灼惘·其之二	Assets/Product/Texture/Image/UiFavorability/UiFStoryStage03.png		13020402		通关上一关卡解锁	2			[1]	1	
398	1131004	薇拉·灼惘·其之三	Assets/Product/Texture/Image/UiFavorability/UiFStoryStage113100402.png		13020403		通关上一关卡解锁	3	99006		[1]	1	
399	1131004	薇拉·灼惘·其之四	Assets/Product/Texture/Image/UiFavorability/UiFStoryStage05.png		13020404		通关上一关卡解锁	4		*推荐通关主线【末路燎原】后观看	[1]	1	
400	1131004	薇拉·灼惘·其之五	Assets/Product/Texture/Image/UiFavorability/UiFStoryStage113100403.png		13020405		通关上一关卡解锁	5			[1, 2]	2	['Assets/Product/Texture/Image/UiFavorability/UiFavorabilityStoryDetailBgV304.png']
401	1131004	薇拉·灼惘·其之六	Assets/Product/Texture/Image/UiFavorability/UiFStoryStage04.png		13020406		通关上一关卡解锁	6	99007		[1]	1	
402	1041005	比安卡·晖暮·其之一	Assets/Product/Texture/Image/UiFavorability/UiFStoryStage104100501.png		13020501			1			[1]	1	
403	1041005	比安卡·晖暮·其之二	Assets/Product/Texture/Image/UiFavorability/UiFStoryStage03.png		13020502		通关上一关卡解锁	2			[1]	1	
404	1041005	比安卡·晖暮·其之三	Assets/Product/Texture/Image/UiFavorability/UiFStoryStage104100502.png		13020503		通关上一关卡解锁	3	99008		[1]	2	['Assets/Product/Texture/Image/UiFavorability/UiFavorabilityStoryDetailBgV306.png']
405	1041005	比安卡·晖暮·其之四	Assets/Product/Texture/Image/UiFavorability/UiFStoryStage05.png		13020504		通关上一关卡解锁	4			[1]	1	
406	1041005	比安卡·晖暮·其之五	Assets/Product/Texture/Image/UiFavorability/UiFStoryStage104100503.png		13020505		通关上一关卡解锁	5			[1, 2]	1	
407	1041005	比安卡·晖暮·其之六	Assets/Product/Texture/Image/UiFavorability/UiFStoryStage04.png		13020506		通关上一关卡解锁	6	99009		[1, 2]	1	
408	1371002	斜奏·裁律·其之一	Assets/Product/Texture/Image/UiFavorability/UiFStoryStage137100201.png	HG15901BA		1	信赖度<color=#C14F38>1</color>级解锁	1					
409	1371002	斜奏·裁律·其之二	Assets/Product/Texture/Image/UiFavorability/UiFStoryStage03.png	HG15902BA		2	信赖度<color=#C14F38>2</color>级解锁	2					
410	1371002	斜奏·裁律·其之三	Assets/Product/Texture/Image/UiFavorability/UiFStoryStage05.png	HG15903BA		3	信赖度<color=#C14F38>3</color>级解锁	3					
411	1371002	斜奏·裁律·其之四	Assets/Product/Texture/Image/UiFavorability/UiFStoryStage137100202.png	HG15904BA		4	信赖度<color=#C14F38>4</color>级解锁	4					
412	1371002	斜奏·裁律·其之五	Assets/Product/Texture/Image/UiFavorability/UiFStoryStage04.png	HG15905BA		5	信赖度<color=#C14F38>5</color>级解锁	5					
413	1371002	斜奏·裁律·其之六	Assets/Product/Texture/Image/UiFavorability/UiFStoryStage137100203.png	HG15906BA		6	信赖度<color=#C14F38>6</color>级解锁	6					
414	1381003	维罗妮卡·铮骨·其之一	Assets/Product/Texture/Image/UiFavorability/UiFStoryStage138100301.png		13020601			1			[1]	1	
415	1381003	维罗妮卡·铮骨·其之二	Assets/Product/Texture/Image/UiFavorability/UiFStoryStage04.png		13020602		通关上一关卡解锁	2			[1]	1	
416	1381003	维罗妮卡·铮骨·其之三	Assets/Product/Texture/Image/UiFavorability/UiFStoryStage03.png		13020603		通关上一关卡解锁	3	99027		[1]	1	
417	1381003	维罗妮卡·铮骨·其之四	Assets/Product/Texture/Image/UiFavorability/UiFStoryStage138100302.png		13020604		通关上一关卡解锁	4			[1, 2]	2	['Assets/Product/Texture/Image/UiFavorability/UiFavorabilityStoryDetailBgV308.png']
418	1381003	维罗妮卡·铮骨·其之五	Assets/Product/Texture/Image/UiFavorability/UiFStoryStage138100303.png		13020605		通关上一关卡解锁	5			[1]	1	
419	1381003	维罗妮卡·铮骨·其之六	Assets/Product/Texture/Image/UiFavorability/UiFStoryStage05.png		13020606		通关上一关卡解锁	6	99028		[1]	1	
420	1031005	丽芙·霁梦·其之一	Assets/Product/Texture/Image/UiFavorability/UiFStoryStage05.png		13020701			1			[1]	1	
421	1031005	丽芙·霁梦·其之二	Assets/Product/Texture/Image/UiFavorability/UiFStoryStage02.png		13020702		通关上一关卡解锁	2			[1]	1	
422	1031005	丽芙·霁梦·其之三	Assets/Product/Texture/Image/UiFavorability/UiFStoryStage103100501.png		13020703		通关上一关卡解锁	3	99029		[1]	2	['Assets/Product/Texture/Image/UiFavorability/UiFavorabilityStoryDetailBgV400.png']
423	1031005	丽芙·霁梦·其之四	Assets/Product/Texture/Image/UiFavorability/UiFStoryStage03.png		13020704		通关上一关卡解锁	4			[1]	1	
424	1031005	丽芙·霁梦·其之五	Assets/Product/Texture/Image/UiFavorability/UiFStoryStage04.png		13020705		通关上一关卡解锁	5			[1]	1	
425	1031005	丽芙·霁梦·其之六	Assets/Product/Texture/Image/UiFavorability/UiFStoryStage103100502.png		13020706		通关上一关卡解锁	6			[1, 2]	1	
426	1031005	丽芙·霁梦·其之七	Assets/Product/Texture/Image/UiFavorability/UiFStoryStage103100503.png		13020707		通关上一关卡解锁	7	99030		[1, 2]	1	
427	1291003	布偶熊·骇影·其之一	Assets/Product/Texture/Image/UiFavorability/UiFStoryStage05.png		13020801			1			[1]	1	
428	1291003	布偶熊·骇影·其之二	Assets/Product/Texture/Image/UiFavorability/UiFStoryStage02.png		13020802		通关上一关卡解锁	2			[1]	1	
429	1291003	布偶熊·骇影·其之三	Assets/Product/Texture/Image/UiFavorability/UiFStoryStage129100301.png		13020803		通关上一关卡解锁	3	99031		[1]	1	
430	1291003	布偶熊·骇影·其之四	Assets/Product/Texture/Image/UiFavorability/UiFStoryStage03.png		13020804		通关上一关卡解锁	4			[1]	1	
431	1291003	布偶熊·骇影·其之五	Assets/Product/Texture/Image/UiFavorability/UiFStoryStage04.png		13020805		通关上一关卡解锁	5			[1, 2]	1	
432	1291003	布偶熊·骇影·其之六	Assets/Product/Texture/Image/UiFavorability/UiFStoryStage129100302.png		13020806		通关上一关卡解锁	6			[1]	1	
433	1291003	布偶熊·骇影·其之七	Assets/Product/Texture/Image/UiFavorability/UiFStoryStage129100303.png		13020807		通关上一关卡解锁	7	99032		[1, 2]	2	['Assets/Product/Texture/Image/UiFavorability/UiFavorabilityStoryDetailBgV401.png']
434	1141004	罗塞塔·极锋·其之一	Assets/Product/Texture/Image/UiFavorability/UiFStoryStage114100401.png		13020901			1			[1]	1	
435	1141004	罗塞塔·极锋·其之二	Assets/Product/Texture/Image/UiFavorability/UiFStoryStage04.png		13020902		通关上一关卡解锁	2			[1]	1	
436	1141004	罗塞塔·极锋·其之三	Assets/Product/Texture/Image/UiFavorability/UiFStoryStage03.png		13020903		通关上一关卡解锁	3	99033		[1]	1	
437	1141004	罗塞塔·极锋·其之四	Assets/Product/Texture/Image/UiFavorability/UiFStoryStage05.png		13020904		通关上一关卡解锁	4			[1]	1	
438	1141004	罗塞塔·极锋·其之五	Assets/Product/Texture/Image/UiFavorability/UiFStoryStage114100402.png		13020905		通关上一关卡解锁	5			[1]	2	['Assets/Product/Texture/Image/UiFavorability/UiFavorabilityStoryDetailBgV402.png']
439	1141004	罗塞塔·极锋·其之六	Assets/Product/Texture/Image/UiFavorability/UiFStoryStage114100403.png		13020906		通关上一关卡解锁	6	99034		[1, 2]	1	
440	1391003	涅缇娅·亡歌·其之一	Assets/Product/Texture/Image/UiFavorability/UiFStoryStage04.png		13021001			1			[1]	1	
441	1391003	涅缇娅·亡歌·其之二	Assets/Product/Texture/Image/UiFavorability/UiFStoryStage139100301.png		13021002		通关上一关卡解锁	2			[1]	1	
442	1391003	涅缇娅·亡歌·其之三	Assets/Product/Texture/Image/UiFavorability/UiFStoryStage03.png		13021003		通关上一关卡解锁	3	99035		[1]	1	
443	1391003	涅缇娅·亡歌·其之四	Assets/Product/Texture/Image/UiFavorability/UiFStoryStage05.png		13021004		通关上一关卡解锁	4			[1]	1	
444	1391003	涅缇娅·亡歌·其之五	Assets/Product/Texture/Image/UiFavorability/UiFStoryStage139100302.png		13021005		通关上一关卡解锁	5			[1]	2	['Assets/Product/Texture/Image/UiFavorability/UiFavorabilityStoryDetailBgV403.png']
445	1391003	涅缇娅·亡歌·其之六	Assets/Product/Texture/Image/UiFavorability/UiFStoryStage139100303.png		13021006		通关上一关卡解锁	6	99036		[1, 2]	1	
446	1061004	神威·不落日·其之一	Assets/Product/Texture/Image/UiFavorability/UiFStoryStage02.png		13021101			1			[1]	1	
447	1061004	神威·不落日·其之二	Assets/Product/Texture/Image/UiFavorability/UiFStoryStage106100401.png		13021102		通关上一关卡解锁	2			[1]	1	
448	1061004	神威·不落日·其之三	Assets/Product/Texture/Image/UiFavorability/UiFStoryStage06.png		13021103		通关上一关卡解锁	3	99038		[1]	1	
449	1061004	神威·不落日·其之四	Assets/Product/Texture/Image/UiFavorability/UiFStoryStage03.png		13021104		通关上一关卡解锁	4			[1]	1	
450	1061004	神威·不落日·其之五	Assets/Product/Texture/Image/UiFavorability/UiFStoryStage106100402.png		13021105		通关上一关卡解锁	5			[1]	2	['Assets/Product/Texture/Image/UiFavorability/UiFavorabilityStoryDetailBgV404.png']
451	1061004	神威·不落日·其之六	Assets/Product/Texture/Image/UiFavorability/UiFStoryStage106100403.png		13021106		通关上一关卡解锁	6	99039		[1, 2]	1	
452	1021007	露西亚·逆冕·其之一	Assets/Product/Texture/Image/UiFavorability/UiFStoryStage05.png		13021201			1			[1]	1	
453	1021007	露西亚·逆冕·其之二	Assets/Product/Texture/Image/UiFavorability/UiFStoryStage02.png		13021202		不明	2			[1]	1	
454	1021007	露西亚·逆冕·其之三	Assets/Product/Texture/Image/UiFavorability/UiFStoryStage129100301.png		13021203		不明	3	99040		[1]	1	
455	1021007	露西亚·逆冕·其之四	Assets/Product/Texture/Image/UiFavorability/UiFStoryStage03.png		13021204		不明	4			[1]	1	
456	1021007	露西亚·逆冕·其之五	Assets/Product/Texture/Image/UiFavorability/UiFStoryStage04.png		13021205		不明	5			[1]	1	
457	1021007	露西亚·逆冕·其之六	Assets/Product/Texture/Image/UiFavorability/UiFStoryStage129100302.png		13021206		不明	6			[1]	1	
458	1021007	露西亚·逆冕·其之七	Assets/Product/Texture/Image/UiFavorability/UiFStoryStage129100303.png		13021207		不明	7	99041		[1, 2]	2	['Assets/Product/Texture/Image/UiFavorability/UiFavorabilityStoryDetailBgV403.png']
