Id	FeatureId	ExtraFeatureId	SmallMonsterIcon	BigMonsterIcon	WeakIcon	StageTypeName	StageNumberName
30162451	1	45	Assets/Product/Texture/Image/UiArchiveMonsterHead/HeadMb1SandwormMd030001.png	Assets/Product/Texture/Image/RoleMonster/RoleMonster81800.png	Assets/Product/Texture/Image/IconType/IconTypeYsLeiWhite.png	独行首领	RR-07
30162452	2	45	Assets/Product/Texture/Image/UiArchiveMonsterHead/HeadMo1BioMd030052.png	Assets/Product/Texture/Image/RoleMonster/RoleMonster90480.png	Assets/Product/Texture/Image/IconType/IconTypeYsLeiWhite.png	众聚群落	RR-08
30162453	3	45	Assets/Product/Texture/Image/UiArchiveMonsterHead/HeadMe1BioMd007030.png	Assets/Product/Texture/Image/RoleMonster/RoleMonster90620.png	Assets/Product/Texture/Image/IconType/IconTypeYsLeiWhite.png	众聚群落	RR-05
30162454	4	45	Assets/Product/Texture/Image/UiArchiveMonsterHead/HeadMo1HetipaotaiMd010001.png	Assets/Product/Texture/Image/RoleMonster/RoleMonster93180.png	Assets/Product/Texture/Image/IconType/IconTypeYsLeiWhite.png	众聚群落	RR-06
30162455	5	43	Assets/Product/Texture/Image/UiArchiveMonsterHead/HeadMb1OrphanMd030001.png	Assets/Product/Texture/Image/RoleMonster/RoleMonster81500.png	Assets/Product/Texture/Image/IconType/IconTypeYsWuliWhite.png	独行首领	RR-03
30162456	6	43	Assets/Product/Texture/Image/UiArchiveMonsterHead/Mb1TaiayixingMd010001.png	Assets/Product/Texture/Image/RoleMonster/RoleMonster90810.png	Assets/Product/Texture/Image/IconType/IconTypeYsWuliWhite.png	众聚群落	RR-04
30162457	7	43	Assets/Product/Texture/Image/UiArchiveMonsterHead/HeadMo1TuziMd000002.png	Assets/Product/Texture/Image/RoleMonster/RoleMonster90760.png	Assets/Product/Texture/Image/IconType/IconTypeYsWuliWhite.png	众聚群落	RR-01
30162458	8	43	Assets/Product/Texture/Image/UiArchiveMonsterHead/HeadMe1BioMd005010.png	Assets/Product/Texture/Image/RoleMonster/RoleMonster90450.png	Assets/Product/Texture/Image/IconType/IconTypeYsWuliWhite.png	众聚群落	RR-02
30162459	9	47	Assets/Product/Texture/Image/UiArchiveMonsterHead/HeadMo1ShujingMd010001.png	Assets/Product/Texture/Image/RoleMonster/RoleMonster93101.png	Assets/Product/Texture/Image/IconType/IconTypeYsAnWhite.png	众聚群落	SF-07
30162460	10	47	Assets/Product/Texture/Image/UiArchiveMonsterHead/HeadMe1ZhizunMd000001.png	Assets/Product/Texture/Image/RoleMonster/RoleMonster90700.png	Assets/Product/Texture/Image/IconType/IconTypeYsAnWhite.png	众聚群落	SF-08
30162461	11	47	Assets/Product/Texture/Image/UiArchiveMonsterHead/HeadMe1BioMd004010.png	Assets/Product/Texture/Image/RoleMonster/RoleMonster90340.png	Assets/Product/Texture/Image/IconType/IconTypeYsAnWhite.png	众聚群落	SF-05
30162462	12	47	Assets/Product/Texture/Image/UiArchiveMonsterHead/HeadMo1JgrcMd000002.png	Assets/Product/Texture/Image/RoleMonster/RoleMonster90260.png	Assets/Product/Texture/Image/IconType/IconTypeYsAnWhite.png	众聚群落	SF-06
30162463	13	43	Assets/Product/Texture/Image/UiArchiveMonsterHead/HeadMo1SemifiniMd010001.png	Assets/Product/Texture/Image/RoleMonster/RoleMonster93030.png	Assets/Product/Texture/Image/IconType/IconTypeYsWuliWhite.png	众聚群落	SF-03
30162464	14	43	Assets/Product/Texture/Image/UiArchiveMonsterHead/HeadMo1CyborgleaderMd10001.png	Assets/Product/Texture/Image/RoleMonster/RoleMonster93060.png	Assets/Product/Texture/Image/IconType/IconTypeYsWuliWhite.png	众聚群落	SF-04
30162465	15	43	Assets/Product/Texture/Image/UiArchiveMonsterHead/HeadMe1CattleMd000002.png	Assets/Product/Texture/Image/RoleMonster/RoleMonster90400.png	Assets/Product/Texture/Image/IconType/IconTypeYsWuliWhite.png	众聚群落	SF-01
30162466	16	43	Assets/Product/Texture/Image/UiArchiveMonsterHead/HeadMe1BioMd004060.png	Assets/Product/Texture/Image/RoleMonster/RoleMonster90222.png	Assets/Product/Texture/Image/IconType/IconTypeYsWuliWhite.png	众聚群落	SF-02
30162467	17	46	Assets/Product/Texture/Image/UiArchiveMonsterHead/HeadMb1OrphanMd030001.png	Assets/Product/Texture/Image/RoleMonster/RoleMonster81500.png	Assets/Product/Texture/Image/IconType/IconTypeYsBingWhite.png	独行首领	CL-09
30162468	18	46	Assets/Product/Texture/Image/UiArchiveMonsterHead/HeadMb1SwordMd030001.png	Assets/Product/Texture/Image/RoleMonster/RoleMonster81300.png	Assets/Product/Texture/Image/IconType/IconTypeYsBingWhite.png	独行首领	CL-10
30162469	19	46	Assets/Product/Texture/Image/UiArchiveMonsterHead/HeadMb1LuxiyaMd000003.png	Assets/Product/Texture/Image/RoleMonster/RoleMonster81900.png	Assets/Product/Texture/Image/IconType/IconTypeYsBingWhite.png	独行首领	CL-07
30162470	20	46	Assets/Product/Texture/Image/UiArchiveMonsterHead/HeadMb1XuexiaoMd000002.png	Assets/Product/Texture/Image/RoleMonster/RoleMonster90750.png	Assets/Product/Texture/Image/IconType/IconTypeYsBingWhite.png	众聚群落	CL-08
30162471	21	44	Assets/Product/Texture/Image/UiArchiveMonsterHead/HeadMe1NianMd010001.png	Assets/Product/Texture/Image/RoleMonster/RoleMonster90880.png	Assets/Product/Texture/Image/IconType/IconTypeYsHuoWhite.png	众聚群落	CL-05
30162472	22	44	Assets/Product/Texture/Image/UiArchiveMonsterHead/HeadMb1AolajiangMd010001.png	Assets/Product/Texture/Image/RoleMonster/RoleMonster837000.png	Assets/Product/Texture/Image/IconType/IconTypeYsHuoWhite.png	独行首领	CL-06
30162473	23	44	Assets/Product/Texture/Image/UiArchiveMonsterHead/HeadMe1BioMd004060.png	Assets/Product/Texture/Image/RoleMonster/RoleMonster90222.png	Assets/Product/Texture/Image/IconType/IconTypeYsHuoWhite.png	众聚群落	CL-03
30162474	24	44	Assets/Product/Texture/Image/UiArchiveMonsterHead/HeadMb1XiuMd010001.png	Assets/Product/Texture/Image/RoleMonster/RoleMonster83100.png	Assets/Product/Texture/Image/IconType/IconTypeYsHuoWhite.png	独行首领	CL-04
30162475	25	43	Assets/Product/Texture/Image/UiArchiveMonsterHead/HeadMe1BioMd004050.png	Assets/Product/Texture/Image/RoleMonster/RoleMonster90370.png	Assets/Product/Texture/Image/IconType/IconTypeYsWuliWhite.png	众聚群落	CL-01
30162476	26	43	Assets/Product/Texture/Image/UiArchiveMonsterHead/Mb1LunaMd010002.png	Assets/Product/Texture/Image/RoleMonster/RoleMonster83900.png	Assets/Product/Texture/Image/IconType/IconTypeYsWuliWhite.png	独行首领	CL-02
30162477	27	44	Assets/Product/Texture/Image/UiArchiveMonsterHead/HeadMb1SwordMd030001.png	Assets/Product/Texture/Image/RoleMonster/RoleMonster81300.png	Assets/Product/Texture/Image/IconType/IconTypeYsHuoWhite.png	独行首领	LD-09
30162478	28	44	Assets/Product/Texture/Image/UiArchiveMonsterHead/HeadMe1BioMd004060.png	Assets/Product/Texture/Image/RoleMonster/RoleMonster90222.png	Assets/Product/Texture/Image/IconType/IconTypeYsHuoWhite.png	众聚群落	LD-10
30162479	29	45	Assets/Product/Texture/Image/UiArchiveMonsterHead/HeadMb1BaiyangnvMd010001.png	Assets/Product/Texture/Image/RoleMonster/RoleMonster83800.png	Assets/Product/Texture/Image/IconType/IconTypeYsLeiWhite.png	独行首领	LD-07
30162480	30	45	Assets/Product/Texture/Image/UiArchiveMonsterHead/HeadMe1UnknownMd010001.png	Assets/Product/Texture/Image/RoleMonster/RoleMonster90910.png	Assets/Product/Texture/Image/IconType/IconTypeYsLeiWhite.png	众聚群落	LD-08
30162481	31	45	Assets/Product/Texture/Image/UiArchiveMonsterHead/HeadMo1YingdengyuMd010001.png	Assets/Product/Texture/Image/RoleMonster/RoleMonster90930.png	Assets/Product/Texture/Image/IconType/IconTypeYsLeiWhite.png	众聚群落	LD-05
30162482	32	45	Assets/Product/Texture/Image/UiArchiveMonsterHead/HeadMb1AolajiangMd010002.png	Assets/Product/Texture/Image/RoleMonster/RoleMonster837100.png	Assets/Product/Texture/Image/IconType/IconTypeYsLeiWhite.png	独行首领	LD-06
30162483	33	44	Assets/Product/Texture/Image/UiArchiveMonsterHead/HeadMe1BioMd007020.png	Assets/Product/Texture/Image/RoleMonster/RoleMonster90600.png	Assets/Product/Texture/Image/IconType/IconTypeYsHuoWhite.png	众聚群落	LD-03
30162484	34	44	Assets/Product/Texture/Image/UiArchiveMonsterHead/HeadMb1SandwormMd030001.png	Assets/Product/Texture/Image/RoleMonster/RoleMonster81800.png	Assets/Product/Texture/Image/IconType/IconTypeYsHuoWhite.png	独行首领	LD-04
30162485	35	44	Assets/Product/Texture/Image/UiArchiveMonsterHead/HeadMo1JgrcMd000002.png	Assets/Product/Texture/Image/RoleMonster/RoleMonster90260.png	Assets/Product/Texture/Image/IconType/IconTypeYsHuoWhite.png	众聚群落	LD-01
30162486	36	44	Assets/Product/Texture/Image/UiArchiveMonsterHead/HeadMe1SwordMd002001.png	Assets/Product/Texture/Image/RoleMonster/RoleMonster81200.png	Assets/Product/Texture/Image/IconType/IconTypeYsHuoWhite.png	独行首领	LD-02
30162487	37	45	Assets/Product/Texture/Image/UiArchiveMonsterHead/HeadMb1SwordMd030001.png	Assets/Product/Texture/Image/RoleMonster/RoleMonster81300.png	Assets/Product/Texture/Image/IconType/IconTypeYsLeiWhite.png	独行首领	IF-05
30162488	38	45	Assets/Product/Texture/Image/UiArchiveMonsterHead/HeadMe1BioMd007020.png	Assets/Product/Texture/Image/RoleMonster/RoleMonster90600.png	Assets/Product/Texture/Image/IconType/IconTypeYsLeiWhite.png	众聚群落	IF-06
30162489	39	46	Assets/Product/Texture/Image/UiArchiveMonsterHead/Mb1TaiayixingMd010001.png	Assets/Product/Texture/Image/RoleMonster/RoleMonster90810.png	Assets/Product/Texture/Image/IconType/IconTypeYsBingWhite.png	众聚群落	IF-03
30162490	40	46	Assets/Product/Texture/Image/UiArchiveMonsterHead/HeadMo1YanfenyixingMd000001.png	Assets/Product/Texture/Image/RoleMonster/RoleMonster90670.png	Assets/Product/Texture/Image/IconType/IconTypeYsBingWhite.png	众聚群落	IF-04
30162491	41	47	Assets/Product/Texture/Image/UiArchiveMonsterHead/HeadMe1XiguajunMd000002.png	Assets/Product/Texture/Image/RoleMonster/RoleMonster90740.png	Assets/Product/Texture/Image/IconType/IconTypeYsAnWhite.png	独行首领	IF-01
30162492	42	47	Assets/Product/Texture/Image/UiArchiveMonsterHead/HeadMo1BiaoyanyirenMd000001.png	Assets/Product/Texture/Image/RoleMonster/RoleMonster90710.png	Assets/Product/Texture/Image/IconType/IconTypeYsAnWhite.png	众聚群落	IF-02
30162494	48	44	Assets/Product/Texture/Image/UiArchiveMonsterHead/HeadMo1BraveMd010031.png	Assets/Product/Texture/Image/RoleMonster/RoleMonster90030.png	Assets/Product/Texture/Image/IconType/IconTypeYsHuoWhite.png	众聚群落	IF-01
30162495	49	44	Assets/Product/Texture/Image/UiArchiveMonsterHead/HeadMo1BraveMd010031.png	Assets/Product/Texture/Image/RoleMonster/RoleMonster90030.png	Assets/Product/Texture/Image/IconType/IconTypeYsHuoWhite.png	独行首领	IF-02
30162496	50	44	Assets/Product/Texture/Image/UiArchiveMonsterHead/HeadMo1BraveMd010031.png	Assets/Product/Texture/Image/RoleMonster/RoleMonster90030.png	Assets/Product/Texture/Image/IconType/IconTypeYsHuoWhite.png	独行首领	IF-03
30162497	51	44	Assets/Product/Texture/Image/UiArchiveMonsterHead/HeadMo1BraveMd010031.png	Assets/Product/Texture/Image/RoleMonster/RoleMonster90030.png	Assets/Product/Texture/Image/IconType/IconTypeYsHuoWhite.png	众聚群落	IF-04
30162498	52	44	Assets/Product/Texture/Image/UiArchiveMonsterHead/HeadMb1MelodyMd010001.png	Assets/Product/Texture/Image/RoleMonster/RoleMonster83500.png	Assets/Product/Texture/Image/IconType/IconTypeYsHuoWhite.png	独行首领	IF-09
30162499	53	44	Assets/Product/Texture/Image/UiArchiveMonsterHead/HeadMb1XiuMd010001.png	Assets/Product/Texture/Image/RoleMonster/RoleMonster83100.png	Assets/Product/Texture/Image/IconType/IconTypeYsHuoWhite.png	独行首领	IF-10
30162700	54	44	Assets/Product/Texture/Image/UiArchiveMonsterHead/HeadMb1OrphanMd030001.png	Assets/Product/Texture/Image/RoleMonster/RoleMonster81500.png	Assets/Product/Texture/Image/IconType/IconTypeYsHuoWhite.png	独行首领	IF-07
30162701	55	44	Assets/Product/Texture/Image/UiArchiveMonsterHead/Mb1TaiayixingMd010001.png	Assets/Product/Texture/Image/RoleMonster/RoleMonster90810.png	Assets/Product/Texture/Image/IconType/IconTypeYsHuoWhite.png	众聚群落	IF-08
30162702	56	44	Assets/Product/Texture/Image/UiArchiveMonsterHead/HeadMo1BraveMd010031.png	Assets/Product/Texture/Image/RoleMonster/RoleMonster90030.png	Assets/Product/Texture/Image/IconType/IconTypeYsHuoWhite.png	众聚群落	IF-05
30162703	57	44	Assets/Product/Texture/Image/UiArchiveMonsterHead/HeadMo1BraveMd010031.png	Assets/Product/Texture/Image/RoleMonster/RoleMonster90030.png	Assets/Product/Texture/Image/IconType/IconTypeYsHuoWhite.png	众聚群落	IF-06
30162704	58	45	Assets/Product/Texture/Image/UiArchiveMonsterHead/Mo1GztcaptainMd010001.png	Assets/Product/Texture/Image/RoleMonster/RoleMonster93351.png	Assets/Product/Texture/Image/IconType/IconTypeYsLeiWhite.png	众聚群落	LD-01
30162705	59	45	Assets/Product/Texture/Image/UiArchiveMonsterHead/HeadMo1BadboyMd010001.png	Assets/Product/Texture/Image/RoleMonster/RoleMonster93334.png	Assets/Product/Texture/Image/IconType/IconTypeYsLeiWhite.png	众聚群落	LD-02
30162706	60	45	Assets/Product/Texture/Image/UiArchiveMonsterHead/HeadMe1UnknownMd010001.png	Assets/Product/Texture/Image/RoleMonster/RoleMonster90910.png	Assets/Product/Texture/Image/IconType/IconTypeYsLeiWhite.png	众聚群落	LD-03
30162707	61	45	Assets/Product/Texture/Image/UiArchiveMonsterHead/Mo1UngouzaotiMd010001.png	Assets/Product/Texture/Image/RoleMonster/RoleMonster90890.png	Assets/Product/Texture/Image/IconType/IconTypeYsLeiWhite.png	众聚群落	LD-04
30162708	62	45	Assets/Product/Texture/Image/UiArchiveMonsterHead/Mb1XigeluenMd010001.png	Assets/Product/Texture/Image/RoleMonster/RoleMonster841000.png	Assets/Product/Texture/Image/IconType/IconTypeYsLeiWhite.png	独行首领	LD-05
30162709	63	45	Assets/Product/Texture/Image/UiArchiveMonsterHead/HeadMe1TwofacerMd010001.png	Assets/Product/Texture/Image/RoleMonster/RoleMonster93311.png	Assets/Product/Texture/Image/IconType/IconTypeYsLeiWhite.png	众聚群落	LD-06
30162710	64	45	Assets/Product/Texture/Image/UiArchiveMonsterHead/HeadMb1AolajiangMd010002.png	Assets/Product/Texture/Image/RoleMonster/RoleMonster837000.png	Assets/Product/Texture/Image/IconType/IconTypeYsLeiWhite.png	独行首领	LD-07
30162711	65	45	Assets/Product/Texture/Image/UiArchiveMonsterHead/HeadMe1TwofacerMd010001.png	Assets/Product/Texture/Image/RoleMonster/RoleMonster93311.png	Assets/Product/Texture/Image/IconType/IconTypeYsLeiWhite.png	众聚群落	LD-08
30162712	78	47	Assets/Product/Texture/Image/UiArchiveMonsterHead/HeadMe1BioMd004050.png	Assets/Product/Texture/Image/RoleMonster/RoleMonster90370.png	Assets/Product/Texture/Image/IconType/IconTypeYsAnWhite.png	众聚群落	RR-01
30162713	80	47	Assets/Product/Texture/Image/UiArchiveMonsterHead/HeadMe1BioMd004050.png	Assets/Product/Texture/Image/RoleMonster/RoleMonster90370.png	Assets/Product/Texture/Image/IconType/IconTypeYsAnWhite.png	众聚群落	RR-02
30162714	82	47	Assets/Product/Texture/Image/UiArchiveMonsterHead/HeadMe1BioMd004050.png	Assets/Product/Texture/Image/RoleMonster/RoleMonster90370.png	Assets/Product/Texture/Image/IconType/IconTypeYsAnWhite.png	众聚群落	RR-03
30162715	79	47	Assets/Product/Texture/Image/UiArchiveMonsterHead/HeadMe1BioMd004050.png	Assets/Product/Texture/Image/RoleMonster/RoleMonster90370.png	Assets/Product/Texture/Image/IconType/IconTypeYsAnWhite.png	众聚群落	RR-04
30162716	81	47	Assets/Product/Texture/Image/UiArchiveMonsterHead/HeadMe1BioMd004050.png	Assets/Product/Texture/Image/RoleMonster/RoleMonster90370.png	Assets/Product/Texture/Image/IconType/IconTypeYsAnWhite.png	众聚群落	RR-05
30162717	83	47	Assets/Product/Texture/Image/UiArchiveMonsterHead/HeadMe1BioMd004050.png	Assets/Product/Texture/Image/RoleMonster/RoleMonster90370.png	Assets/Product/Texture/Image/IconType/IconTypeYsAnWhite.png	众聚群落	RR-06
30162720	66	43	Assets/Product/Texture/Image/UiArchiveMonsterHead/Me1SimmoonguyMd010001.png	Assets/Product/Texture/Image/RoleMonster/RoleMonster93361.png	Assets/Product/Texture/Image/IconType/IconTypeYsWuliWhite.png	众聚群落	CL-01
30162721	67	43	Assets/Product/Texture/Image/UiArchiveMonsterHead/HeadMb1MoonguyMd010001.png	Assets/Product/Texture/Image/RoleMonster/RoleMonster85300.png	Assets/Product/Texture/Image/IconType/IconTypeYsWuliWhite.png	众聚群落	CL-02
30162722	68	43	Assets/Product/Texture/Image/UiArchiveMonsterHead/Mo1ShigaonanMd010001.png	Assets/Product/Texture/Image/RoleMonster/RoleMonster93371.png	Assets/Product/Texture/Image/IconType/IconTypeYsWuliWhite.png	众聚群落	CL-03
30162723	69	43	Assets/Product/Texture/Image/UiArchiveMonsterHead/Mo1UngouzaotiMd010001.png	Assets/Product/Texture/Image/RoleMonster/RoleMonster90890.png	Assets/Product/Texture/Image/IconType/IconTypeYsWuliWhite.png	众聚群落	CL-04
30162724	70	43	Assets/Product/Texture/Image/UiArchiveMonsterHead/HeadMo1BadboyMd010001.png	Assets/Product/Texture/Image/RoleMonster/RoleMonster93334.png	Assets/Product/Texture/Image/IconType/IconTypeYsWuliWhite.png	众聚群落	CL-05
30162725	71	43	Assets/Product/Texture/Image/UiArchiveMonsterHead/HeadMo1GoodgirlMd010001.png	Assets/Product/Texture/Image/RoleMonster/RoleMonster93344.png	Assets/Product/Texture/Image/IconType/IconTypeYsWuliWhite.png	众聚群落	CL-06
30162726	72	46	Assets/Product/Texture/Image/UiArchiveMonsterHead/HeadMe1HetigongzuojiqiMd010001.png	Assets/Product/Texture/Image/RoleMonster/RoleMonster93230.png	Assets/Product/Texture/Image/IconType/IconTypeYsBingWhite.png	众聚群落	SF-01
30162727	73	46	Assets/Product/Texture/Image/UiArchiveMonsterHead/HeadMe1SwordMd002001.png	Assets/Product/Texture/Image/RoleMonster/RoleMonster81200.png	Assets/Product/Texture/Image/IconType/IconTypeYsBingWhite.png	独行首领	SF-02
30162728	74	46	Assets/Product/Texture/Image/UiArchiveMonsterHead/HeadMo1HetipaotaiMd010001.png	Assets/Product/Texture/Image/RoleMonster/RoleMonster93180.png	Assets/Product/Texture/Image/IconType/IconTypeYsBingWhite.png	众聚群落	SF-03
30162729	75	46	Assets/Product/Texture/Image/UiArchiveMonsterHead/HeadMb1OrphanMd030001.png	Assets/Product/Texture/Image/RoleMonster/RoleMonster81500.png	Assets/Product/Texture/Image/IconType/IconTypeYsBingWhite.png	独行首领	SF-04
30162730	76	46	Assets/Product/Texture/Image/UiArchiveMonsterHead/HeadMe1HetigongzuojiqiMd010001.png	Assets/Product/Texture/Image/RoleMonster/RoleMonster93230.png	Assets/Product/Texture/Image/IconType/IconTypeYsBingWhite.png	众聚群落	SF-05
30162731	77	46	Assets/Product/Texture/Image/UiArchiveMonsterHead/HeadMe1UnknownMd010001.png	Assets/Product/Texture/Image/RoleMonster/RoleMonster90910.png	Assets/Product/Texture/Image/IconType/IconTypeYsBingWhite.png	独行首领	SF-06
30162732	78	47	Assets/Product/Texture/Image/UiArchiveMonsterHead/HeadMo1YanfenyixingMd000001.png	Assets/Product/Texture/Image/RoleMonster/RoleMonster90670.png	Assets/Product/Texture/Image/IconType/IconTypeYsAnWhite.png	众聚群落	RR-01
30162733	79	47	Assets/Product/Texture/Image/UiArchiveMonsterHead/HeadMe1SwordMd002001.png	Assets/Product/Texture/Image/RoleMonster/RoleMonster81200.png	Assets/Product/Texture/Image/IconType/IconTypeYsAnWhite.png	独行首领	RR-02
30162734	80	47	Assets/Product/Texture/Image/UiArchiveMonsterHead/Mb1TaiayixingMd010001.png	Assets/Product/Texture/Image/RoleMonster/RoleMonster90810.png	Assets/Product/Texture/Image/IconType/IconTypeYsAnWhite.png	众聚群落	RR-03
30162735	81	47	Assets/Product/Texture/Image/UiArchiveMonsterHead/HeadMb1LuxiyaMd000003.png	Assets/Product/Texture/Image/RoleMonster/RoleMonster81900.png	Assets/Product/Texture/Image/IconType/IconTypeYsAnWhite.png	独行首领	RR-04
30162736	82	47	Assets/Product/Texture/Image/UiArchiveMonsterHead/HeadMo1DiaorensanxingMd000001.png	Assets/Product/Texture/Image/RoleMonster/RoleMonster90660.png	Assets/Product/Texture/Image/IconType/IconTypeYsAnWhite.png	众聚群落	RR-05
30162737	83	47	Assets/Product/Texture/Image/UiArchiveMonsterHead/HeadMb1OrphanMd030001.png	Assets/Product/Texture/Image/RoleMonster/RoleMonster81500.png	Assets/Product/Texture/Image/IconType/IconTypeYsAnWhite.png	独行首领	RR-06
30162951	202	201	Assets/Product/Texture/Image/UiArchiveMonsterHead/HeadMo1JgrcMd000002.png	Assets/Product/Texture/Image/RoleMonster/RoleMonster81500.png	Assets/Product/Texture/Image/UiBabelTower/UiBabelTowerChallengeIcon13061.png	电闪雷鸣	RR-01
30162952	203	201	Assets/Product/Texture/Image/UiArchiveMonsterHead/HeadMo1JgrcMd000002.png	Assets/Product/Texture/Image/RoleMonster/RoleMonster81500.png	Assets/Product/Texture/Image/UiBabelTower/UiBabelTowerChallengeIcon13061.png	电闪雷鸣	RR-02
30162953	204	201	Assets/Product/Texture/Image/UiArchiveMonsterHead/HeadMe1ArmorMd010091.png	Assets/Product/Texture/Image/RoleMonster/RoleMonster81500.png	Assets/Product/Texture/Image/UiBabelTower/UiBabelTowerChallengeIcon13061.png	电闪雷鸣	RR-03
30162954	205	201	Assets/Product/Texture/Image/UiArchiveMonsterHead/HeadMe1ArmorMd010091.png	Assets/Product/Texture/Image/RoleMonster/RoleMonster81500.png	Assets/Product/Texture/Image/UiBabelTower/UiBabelTowerChallengeIcon13061.png	电闪雷鸣	RR-04
30162955	206	201	Assets/Product/Texture/Image/UiArchiveMonsterHead/HeadMe1BioMd004020.png	Assets/Product/Texture/Image/RoleMonster/RoleMonster81500.png	Assets/Product/Texture/Image/UiBabelTower/UiBabelTowerChallengeIcon13061.png	电闪雷鸣	RR-05
30162956	207	201	Assets/Product/Texture/Image/UiArchiveMonsterHead/HeadMe1BioMd004020.png	Assets/Product/Texture/Image/RoleMonster/RoleMonster81500.png	Assets/Product/Texture/Image/UiBabelTower/UiBabelTowerChallengeIcon13061.png	电闪雷鸣	RR-06
30162957		201	Assets/Product/Texture/Image/UiArchiveMonsterHead/HeadMb1OrphanMd030001.png	Assets/Product/Texture/Image/RoleMonster/RoleMonster81500.png	Assets/Product/Texture/Image/UiBabelTower/UiBabelTowerChallengeIcon13061.png	电闪雷鸣	RR-end
30162958	209	208	Assets/Product/Texture/Image/UiArchiveMonsterHead/HeadMe1BraveMd020021.png	Assets/Product/Texture/Image/RoleMonster/RoleMonster81500.png	Assets/Product/Texture/Image/UiBabelTower/UiBabelTowerChallengeIcon13001.png	陨石天降	RR-01
30162959	210	208	Assets/Product/Texture/Image/UiArchiveMonsterHead/HeadMe1BraveMd020021.png	Assets/Product/Texture/Image/RoleMonster/RoleMonster81500.png	Assets/Product/Texture/Image/UiBabelTower/UiBabelTowerChallengeIcon13001.png	陨石天降	RR-02
30162960	211	208	Assets/Product/Texture/Image/UiArchiveMonsterHead/HeadMe1CattleMd000002.png	Assets/Product/Texture/Image/RoleMonster/RoleMonster81500.png	Assets/Product/Texture/Image/UiBabelTower/UiBabelTowerChallengeIcon13001.png	陨石天降	RR-03
30162961	212	208	Assets/Product/Texture/Image/UiArchiveMonsterHead/HeadMe1CattleMd000002.png	Assets/Product/Texture/Image/RoleMonster/RoleMonster81500.png	Assets/Product/Texture/Image/UiBabelTower/UiBabelTowerChallengeIcon13001.png	陨石天降	RR-04
30162962	213	208	Assets/Product/Texture/Image/UiArchiveMonsterHead/HeadMb1JiabailieMd000001.png	Assets/Product/Texture/Image/RoleMonster/RoleMonster81500.png	Assets/Product/Texture/Image/UiBabelTower/UiBabelTowerChallengeIcon13001.png	陨石天降	RR-05
30162963	214	208	Assets/Product/Texture/Image/UiArchiveMonsterHead/HeadMb1JiabailieMd000001.png	Assets/Product/Texture/Image/RoleMonster/RoleMonster81500.png	Assets/Product/Texture/Image/UiBabelTower/UiBabelTowerChallengeIcon13001.png	陨石天降	RR-06
30162964		208	Assets/Product/Texture/Image/UiArchiveMonsterHead/HeadMb1OrphanMd030001.png	Assets/Product/Texture/Image/RoleMonster/RoleMonster81500.png	Assets/Product/Texture/Image/UiBabelTower/UiBabelTowerChallengeIcon13001.png	陨石天降	RR-end
30162965	216	215	Assets/Product/Texture/Image/UiArchiveMonsterHead/HeadMe1GouzaotiMd10001.png	Assets/Product/Texture/Image/RoleMonster/RoleMonster81500.png	Assets/Product/Texture/Image/UiBabelTower/UiBabelTowerChallengeIcon11121.png	感染狂潮	RR-01
30162966	217	215	Assets/Product/Texture/Image/UiArchiveMonsterHead/HeadMe1GouzaotiMd10001.png	Assets/Product/Texture/Image/RoleMonster/RoleMonster81500.png	Assets/Product/Texture/Image/UiBabelTower/UiBabelTowerChallengeIcon11121.png	感染狂潮	RR-02
30162967	218	215	Assets/Product/Texture/Image/UiArchiveMonsterHead/HeadMe1GouzaotiMd10001.png	Assets/Product/Texture/Image/RoleMonster/RoleMonster81500.png	Assets/Product/Texture/Image/UiBabelTower/UiBabelTowerChallengeIcon11121.png	感染狂潮	RR-03
30162968	219	215	Assets/Product/Texture/Image/UiArchiveMonsterHead/HeadMe1GouzaotiMd10001.png	Assets/Product/Texture/Image/RoleMonster/RoleMonster81500.png	Assets/Product/Texture/Image/UiBabelTower/UiBabelTowerChallengeIcon11121.png	感染狂潮	RR-04
30162969	220	215	Assets/Product/Texture/Image/UiArchiveMonsterHead/Mo1UngouzaotiMd010001.png	Assets/Product/Texture/Image/RoleMonster/RoleMonster81500.png	Assets/Product/Texture/Image/UiBabelTower/UiBabelTowerChallengeIcon11121.png	感染狂潮	RR-05
30162970	221	215	Assets/Product/Texture/Image/UiArchiveMonsterHead/Mo1UngouzaotiMd010001.png	Assets/Product/Texture/Image/RoleMonster/RoleMonster81500.png	Assets/Product/Texture/Image/UiBabelTower/UiBabelTowerChallengeIcon11121.png	感染狂潮	RR-06
30162971	222	215	Assets/Product/Texture/Image/UiArchiveMonsterHead/Mo1UngouzaotiMd010001.png	Assets/Product/Texture/Image/RoleMonster/RoleMonster81500.png	Assets/Product/Texture/Image/UiBabelTower/UiBabelTowerChallengeIcon11121.png	感染狂潮	RR-07
30162972	223	215	Assets/Product/Texture/Image/UiArchiveMonsterHead/Mo1UngouzaotiMd010001.png	Assets/Product/Texture/Image/RoleMonster/RoleMonster81500.png	Assets/Product/Texture/Image/UiBabelTower/UiBabelTowerChallengeIcon11121.png	感染狂潮	RR-08
30162973		215	Assets/Product/Texture/Image/UiArchiveMonsterHead/Mo1UngouzaotiMd010001.png	Assets/Product/Texture/Image/RoleMonster/RoleMonster81500.png	Assets/Product/Texture/Image/UiBabelTower/UiBabelTowerChallengeIcon11121.png	感染狂潮	RR-end
30162974	225	224	Assets/Product/Texture/Image/UiArchiveMonsterHead/HeadMe1BioMd004060.png	Assets/Product/Texture/Image/RoleMonster/RoleMonster81500.png	Assets/Product/Texture/Image/UiBabelTower/UiBabelTowerChallengeIcon22100.png	嘶猎奔啸	RR-01
30162975	226	224	Assets/Product/Texture/Image/UiArchiveMonsterHead/HeadMe1BioMd004060.png	Assets/Product/Texture/Image/RoleMonster/RoleMonster81500.png	Assets/Product/Texture/Image/UiBabelTower/UiBabelTowerChallengeIcon22100.png	嘶猎奔啸	RR-02
30162976	227	224	Assets/Product/Texture/Image/UiArchiveMonsterHead/HeadMe1PuppetMd010001.png	Assets/Product/Texture/Image/RoleMonster/RoleMonster81500.png	Assets/Product/Texture/Image/UiBabelTower/UiBabelTowerChallengeIcon22100.png	嘶猎奔啸	RR-03
30162977	228	224	Assets/Product/Texture/Image/UiArchiveMonsterHead/HeadMe1PuppetMd010001.png	Assets/Product/Texture/Image/RoleMonster/RoleMonster81500.png	Assets/Product/Texture/Image/UiBabelTower/UiBabelTowerChallengeIcon22100.png	嘶猎奔啸	RR-04
30162978	229	224	Assets/Product/Texture/Image/UiArchiveMonsterHead/HeadMe1JixiewusengMd000001.png	Assets/Product/Texture/Image/RoleMonster/RoleMonster81500.png	Assets/Product/Texture/Image/UiBabelTower/UiBabelTowerChallengeIcon22100.png	嘶猎奔啸	RR-05
30162979	230	224	Assets/Product/Texture/Image/UiArchiveMonsterHead/HeadMe1JixiewusengMd000001.png	Assets/Product/Texture/Image/RoleMonster/RoleMonster81500.png	Assets/Product/Texture/Image/UiBabelTower/UiBabelTowerChallengeIcon22100.png	嘶猎奔啸	RR-06
30162980	231	224	Assets/Product/Texture/Image/UiArchiveMonsterHead/HeadMe1JiegouqiutuMd010001.png	Assets/Product/Texture/Image/RoleMonster/RoleMonster81500.png	Assets/Product/Texture/Image/UiBabelTower/UiBabelTowerChallengeIcon22100.png	嘶猎奔啸	RR-07
30162981	232	224	Assets/Product/Texture/Image/UiArchiveMonsterHead/HeadMe1JiegouqiutuMd010001.png	Assets/Product/Texture/Image/RoleMonster/RoleMonster81500.png	Assets/Product/Texture/Image/UiBabelTower/UiBabelTowerChallengeIcon22100.png	嘶猎奔啸	RR-08
30162982		224	Assets/Product/Texture/Image/UiArchiveMonsterHead/HeadMe1JiegouqiutuMd010001.png	Assets/Product/Texture/Image/RoleMonster/RoleMonster81500.png	Assets/Product/Texture/Image/UiBabelTower/UiBabelTowerChallengeIcon22100.png	嘶猎奔啸	RR-end
30162983	234	233	Assets/Product/Texture/Image/UiArchiveMonsterHead/HeadMb1BruceloongMd010001.png	Assets/Product/Texture/Image/RoleMonster/RoleMonster81500.png	Assets/Product/Texture/Image/UiBabelTower/UiBabelTowerChallengeIcon21212.png	梦界终许	RR-01
30162984	235	233	Assets/Product/Texture/Image/UiArchiveMonsterHead/HeadMb1BruceloongMd010001.png	Assets/Product/Texture/Image/RoleMonster/RoleMonster81500.png	Assets/Product/Texture/Image/UiBabelTower/UiBabelTowerChallengeIcon21212.png	梦界终许	RR-02
30162985	236	233	Assets/Product/Texture/Image/UiArchiveMonsterHead/HeadMe1PikemanMd000001.png	Assets/Product/Texture/Image/RoleMonster/RoleMonster81500.png	Assets/Product/Texture/Image/UiBabelTower/UiBabelTowerChallengeIcon21212.png	梦界终许	RR-03
30162986	237	233	Assets/Product/Texture/Image/UiArchiveMonsterHead/HeadMe1PikemanMd000001.png	Assets/Product/Texture/Image/RoleMonster/RoleMonster81500.png	Assets/Product/Texture/Image/UiBabelTower/UiBabelTowerChallengeIcon21212.png	梦界终许	RR-04
30162987	238	233	Assets/Product/Texture/Image/UiArchiveMonsterHead/HeadMb1SirenMd010001.png	Assets/Product/Texture/Image/RoleMonster/RoleMonster81500.png	Assets/Product/Texture/Image/UiBabelTower/UiBabelTowerChallengeIcon21212.png	梦界终许	RR-05
30162988	239	233	Assets/Product/Texture/Image/UiArchiveMonsterHead/HeadMb1SirenMd010001.png	Assets/Product/Texture/Image/RoleMonster/RoleMonster81500.png	Assets/Product/Texture/Image/UiBabelTower/UiBabelTowerChallengeIcon21212.png	梦界终许	RR-06
30162989	240	233	Assets/Product/Texture/Image/UiArchiveMonsterHead/HeadMb1BaiyangnvMd010001.png	Assets/Product/Texture/Image/RoleMonster/RoleMonster81500.png	Assets/Product/Texture/Image/UiBabelTower/UiBabelTowerChallengeIcon21212.png	梦界终许	RR-07
30162990	241	233	Assets/Product/Texture/Image/UiArchiveMonsterHead/HeadMb1BaiyangnvMd010001.png	Assets/Product/Texture/Image/RoleMonster/RoleMonster81500.png	Assets/Product/Texture/Image/UiBabelTower/UiBabelTowerChallengeIcon21212.png	梦界终许	RR-08
30162991		233	Assets/Product/Texture/Image/UiArchiveMonsterHead/HeadMb1OrphanMd030001.png	Assets/Product/Texture/Image/RoleMonster/RoleMonster81500.png	Assets/Product/Texture/Image/UiBabelTower/UiBabelTowerChallengeIcon21212.png	梦界终许	RR-end
30162901	301	307	Assets/Product/Texture/Image/UiArchiveMonsterHead/HeadMo1ArmorMd010112.png	Assets/Product/Texture/Image/RoleMonster/RoleMonster90480.png	Assets/Product/Texture/Image/UiBabelTower/UiBabelTowerChallengeIcon11051.png	集雪散霰	RR-01
30162902	302	307	Assets/Product/Texture/Image/UiArchiveMonsterHead/HeadMo1ArmorMd010112.png	Assets/Product/Texture/Image/RoleMonster/RoleMonster90480.png	Assets/Product/Texture/Image/UiBabelTower/UiBabelTowerChallengeIcon11051.png	集雪散霰	RR-02
30162903	303	307	Assets/Product/Texture/Image/UiArchiveMonsterHead/HeadMe1BioMd007020.png	Assets/Product/Texture/Image/RoleMonster/RoleMonster90600.png	Assets/Product/Texture/Image/UiBabelTower/UiBabelTowerChallengeIcon11051.png	集雪散霰	RR-03
30162904	304	307	Assets/Product/Texture/Image/UiArchiveMonsterHead/HeadMe1BioMd007020.png	Assets/Product/Texture/Image/RoleMonster/RoleMonster90600.png	Assets/Product/Texture/Image/UiBabelTower/UiBabelTowerChallengeIcon11051.png	集雪散霰	RR-04
30162905	305	307	Assets/Product/Texture/Image/UiArchiveMonsterHead/HeadMo1ArmorMd010112.png	Assets/Product/Texture/Image/RoleMonster/RoleMonster90480.png	Assets/Product/Texture/Image/UiBabelTower/UiBabelTowerChallengeIcon11051.png	集雪散霰	RR-05
30162906	306	307	Assets/Product/Texture/Image/UiArchiveMonsterHead/HeadMo1ArmorMd010112.png	Assets/Product/Texture/Image/RoleMonster/RoleMonster90480.png	Assets/Product/Texture/Image/UiBabelTower/UiBabelTowerChallengeIcon11051.png	集雪散霰	RR-06
30162907		307	Assets/Product/Texture/Image/UiArchiveMonsterHead/HeadMe1UnknownMd010001.png	Assets/Product/Texture/Image/RoleMonster/RoleMonster90910.png	Assets/Product/Texture/Image/UiBabelTower/UiBabelTowerChallengeIcon11051.png	集雪散霰	RR-end
30162909	311	317	Assets/Product/Texture/Image/UiArchiveMonsterHead/HeadMe1HetimingyunzhilunMd010001.png	Assets/Product/Texture/Image/RoleMonster/RoleMonster93170.png	Assets/Product/Texture/Image/UiBabelTower/UiBabelTowerChallengeIcon32061.png	磐峙斧礴	RR-01
30162910	312	317	Assets/Product/Texture/Image/UiArchiveMonsterHead/HeadMe1HetimingyunzhilunMd010001.png	Assets/Product/Texture/Image/RoleMonster/RoleMonster93170.png	Assets/Product/Texture/Image/UiBabelTower/UiBabelTowerChallengeIcon32061.png	磐峙斧礴	RR-02
30162911	313	317	Assets/Product/Texture/Image/UiArchiveMonsterHead/HeadMe1SkaterboyMd010001.png	Assets/Product/Texture/Image/RoleMonster/RoleMonster90990.png	Assets/Product/Texture/Image/UiBabelTower/UiBabelTowerChallengeIcon32061.png	磐峙斧礴	RR-03
30162912	314	317	Assets/Product/Texture/Image/UiArchiveMonsterHead/HeadMe1SkaterboyMd010001.png	Assets/Product/Texture/Image/RoleMonster/RoleMonster90990.png	Assets/Product/Texture/Image/UiBabelTower/UiBabelTowerChallengeIcon32061.png	磐峙斧礴	RR-04
30162913	315	317	Assets/Product/Texture/Image/UiArchiveMonsterHead/HeadMe1HetimingyunzhilunMd010001.png	Assets/Product/Texture/Image/RoleMonster/RoleMonster93170.png	Assets/Product/Texture/Image/UiBabelTower/UiBabelTowerChallengeIcon32061.png	磐峙斧礴	RR-05
30162914	316	317	Assets/Product/Texture/Image/UiArchiveMonsterHead/HeadMe1HetimingyunzhilunMd010001.png	Assets/Product/Texture/Image/RoleMonster/RoleMonster93170.png	Assets/Product/Texture/Image/UiBabelTower/UiBabelTowerChallengeIcon32061.png	磐峙斧礴	RR-06
30162915		317	Assets/Product/Texture/Image/UiArchiveMonsterHead/HeadMe1ShengtangMd010001.png	Assets/Product/Texture/Image/RoleMonster/RoleMonster93070.png	Assets/Product/Texture/Image/UiBabelTower/UiBabelTowerChallengeIcon32061.png	磐峙斧礴	RR-end
30162917	318	326	Assets/Product/Texture/Image/UiArchiveMonsterHead/Mo1BeiyaMd010001.png	Assets/Product/Texture/Image/RoleMonster/RoleMonster90960.png	Assets/Product/Texture/Image/UiBabelTower/UiBabelTowerChallengeIcon32031.png	穿笼剪羽	RR-01
30162918	319	326	Assets/Product/Texture/Image/UiArchiveMonsterHead/Mo1BeiyaMd010001.png	Assets/Product/Texture/Image/RoleMonster/RoleMonster90960.png	Assets/Product/Texture/Image/UiBabelTower/UiBabelTowerChallengeIcon32031.png	穿笼剪羽	RR-02
30162919	320	326	Assets/Product/Texture/Image/UiArchiveMonsterHead/HeadMo1GoodgirlMd010001.png	Assets/Product/Texture/Image/RoleMonster/RoleMonster93344.png	Assets/Product/Texture/Image/UiBabelTower/UiBabelTowerChallengeIcon32031.png	穿笼剪羽	RR-03
30162920	321	326	Assets/Product/Texture/Image/UiArchiveMonsterHead/HeadMo1GoodgirlMd010001.png	Assets/Product/Texture/Image/RoleMonster/RoleMonster93344.png	Assets/Product/Texture/Image/UiBabelTower/UiBabelTowerChallengeIcon32031.png	穿笼剪羽	RR-04
30162921	322	326	Assets/Product/Texture/Image/UiArchiveMonsterHead/Mo1BeiyaMd010001.png	Assets/Product/Texture/Image/RoleMonster/RoleMonster90960.png	Assets/Product/Texture/Image/UiBabelTower/UiBabelTowerChallengeIcon32031.png	穿笼剪羽	RR-05
30162922	323	326	Assets/Product/Texture/Image/UiArchiveMonsterHead/Mo1BeiyaMd010001.png	Assets/Product/Texture/Image/RoleMonster/RoleMonster90960.png	Assets/Product/Texture/Image/UiBabelTower/UiBabelTowerChallengeIcon32031.png	穿笼剪羽	RR-06
30162923	324	326	Assets/Product/Texture/Image/UiArchiveMonsterHead/HeadMo1GoodgirlMd010001.png	Assets/Product/Texture/Image/RoleMonster/RoleMonster93344.png	Assets/Product/Texture/Image/UiBabelTower/UiBabelTowerChallengeIcon32031.png	穿笼剪羽	RR-07
30162924	325	326	Assets/Product/Texture/Image/UiArchiveMonsterHead/HeadMo1GoodgirlMd010001.png	Assets/Product/Texture/Image/RoleMonster/RoleMonster93344.png	Assets/Product/Texture/Image/UiBabelTower/UiBabelTowerChallengeIcon32031.png	穿笼剪羽	RR-08
30162925		326	Assets/Product/Texture/Image/UiArchiveMonsterHead/HeadMe1PuppetMd010001.png	Assets/Product/Texture/Image/RoleMonster/RoleMonster93324.png	Assets/Product/Texture/Image/UiBabelTower/UiBabelTowerChallengeIcon32031.png	穿笼剪羽	RR-end
30162927	327	335	Assets/Product/Texture/Image/UiArchiveMonsterHead/HeadMo1HongchaoxiaolangMd010001.png	Assets/Product/Texture/Image/RoleMonster/RoleMonster81500.png	Assets/Product/Texture/Image/UiBabelTower/UiBabelTowerChallengeIcon21131.png	游鸟横镰	RR-01
30162928	328	335	Assets/Product/Texture/Image/UiArchiveMonsterHead/HeadMo1HongchaoxiaolangMd010001.png	Assets/Product/Texture/Image/RoleMonster/RoleMonster81500.png	Assets/Product/Texture/Image/UiBabelTower/UiBabelTowerChallengeIcon21131.png	游鸟横镰	RR-02
30162929	329	335	Assets/Product/Texture/Image/UiArchiveMonsterHead/HeadMo1GuantangbaoMd010001.png	Assets/Product/Texture/Image/RoleMonster/RoleMonster81500.png	Assets/Product/Texture/Image/UiBabelTower/UiBabelTowerChallengeIcon21131.png	游鸟横镰	RR-03
30162930	330	335	Assets/Product/Texture/Image/UiArchiveMonsterHead/HeadMo1GuantangbaoMd010001.png	Assets/Product/Texture/Image/RoleMonster/RoleMonster81500.png	Assets/Product/Texture/Image/UiBabelTower/UiBabelTowerChallengeIcon21131.png	游鸟横镰	RR-04
30162931	331	335	Assets/Product/Texture/Image/UiArchiveMonsterHead/HeadMo1HongchaoxiaolangMd010001.png	Assets/Product/Texture/Image/RoleMonster/RoleMonster81500.png	Assets/Product/Texture/Image/UiBabelTower/UiBabelTowerChallengeIcon21131.png	游鸟横镰	RR-05
30162932	332	335	Assets/Product/Texture/Image/UiArchiveMonsterHead/HeadMo1HongchaoxiaolangMd010001.png	Assets/Product/Texture/Image/RoleMonster/RoleMonster81500.png	Assets/Product/Texture/Image/UiBabelTower/UiBabelTowerChallengeIcon21131.png	游鸟横镰	RR-06
30162933	333	335	Assets/Product/Texture/Image/UiArchiveMonsterHead/HeadMo1GuantangbaoMd010001.png	Assets/Product/Texture/Image/RoleMonster/RoleMonster81500.png	Assets/Product/Texture/Image/UiBabelTower/UiBabelTowerChallengeIcon21131.png	游鸟横镰	RR-07
30162934	334	335	Assets/Product/Texture/Image/UiArchiveMonsterHead/HeadMo1GuantangbaoMd010001.png	Assets/Product/Texture/Image/RoleMonster/RoleMonster81500.png	Assets/Product/Texture/Image/UiBabelTower/UiBabelTowerChallengeIcon21131.png	游鸟横镰	RR-08
30162935		335	Assets/Product/Texture/Image/UiArchiveMonsterHead/HeadMe1TadpoleMd010001.png	Assets/Product/Texture/Image/RoleMonster/RoleMonster81500.png	Assets/Product/Texture/Image/UiBabelTower/UiBabelTowerChallengeIcon21131.png	游鸟横镰	RR-end
30162937	336	344	Assets/Product/Texture/Image/UiArchiveMonsterHead/HeadMe1JiulongzhongyaziMd000001.png	Assets/Product/Texture/Image/RoleMonster/RoleMonster81500.png	Assets/Product/Texture/Image/UiBabelTower/UiBabelTowerChallengeIcon11051.png	攀黎越髓	RR-01
30162938	337	344	Assets/Product/Texture/Image/UiArchiveMonsterHead/HeadMe1JiulongzhongyaziMd000001.png	Assets/Product/Texture/Image/RoleMonster/RoleMonster81500.png	Assets/Product/Texture/Image/UiBabelTower/UiBabelTowerChallengeIcon33111.png	攀黎越髓	RR-02
30162939	338	344	Assets/Product/Texture/Image/UiArchiveMonsterHead/Me1DiaorenyixingMd000001.png	Assets/Product/Texture/Image/RoleMonster/RoleMonster81500.png	Assets/Product/Texture/Image/UiBabelTower/UiBabelTowerChallengeIcon33111.png	攀黎越髓	RR-03
30162940	339	344	Assets/Product/Texture/Image/UiArchiveMonsterHead/Me1DiaorenyixingMd000001.png	Assets/Product/Texture/Image/RoleMonster/RoleMonster81500.png	Assets/Product/Texture/Image/UiBabelTower/UiBabelTowerChallengeIcon33111.png	攀黎越髓	RR-04
30162941	340	344	Assets/Product/Texture/Image/UiArchiveMonsterHead/HeadMo1LucunMd000001.png	Assets/Product/Texture/Image/RoleMonster/RoleMonster81500.png	Assets/Product/Texture/Image/UiBabelTower/UiBabelTowerChallengeIcon33111.png	攀黎越髓	RR-05
30162942	341	344	Assets/Product/Texture/Image/UiArchiveMonsterHead/HeadMo1LucunMd000001.png	Assets/Product/Texture/Image/RoleMonster/RoleMonster81500.png	Assets/Product/Texture/Image/UiBabelTower/UiBabelTowerChallengeIcon33111.png	攀黎越髓	RR-06
30162943	342	344	Assets/Product/Texture/Image/UiArchiveMonsterHead/HeadMe1JiulongzhongyaziMd000001.png	Assets/Product/Texture/Image/RoleMonster/RoleMonster81500.png	Assets/Product/Texture/Image/UiBabelTower/UiBabelTowerChallengeIcon33111.png	攀黎越髓	RR-07
30162944	343	344	Assets/Product/Texture/Image/UiArchiveMonsterHead/HeadMe1JiulongzhongyaziMd000001.png	Assets/Product/Texture/Image/RoleMonster/RoleMonster81500.png	Assets/Product/Texture/Image/UiBabelTower/UiBabelTowerChallengeIcon33111.png	攀黎越髓	RR-08
30162945		344	Assets/Product/Texture/Image/UiArchiveMonsterHead/HeadMb1MelodyMd010001.png	Assets/Product/Texture/Image/RoleMonster/RoleMonster81500.png	Assets/Product/Texture/Image/UiBabelTower/UiBabelTowerChallengeIcon33111.png	攀黎越髓	RR-end
