Id	HeadPic	GridHeadBg	GridBg	Color	LineColor	Desc
-1	Assets/Product/Texture/Atlas/UiFight/V440UiFightHackerGameGridIconNo.png					空洞
1	Assets/Product/Texture/Image/Role/RoleHeadWeila3Q.png	Assets/Product/Texture/Atlas/UiConnectingLine/UiConnectingLineGridPink2.png	Assets/Product/Texture/Atlas/UiConnectingLine/UiConnectingLineGridPink.png	ff983c	ff983c	Q薇拉圆头1
2	Assets/Product/Texture/Image/Role/RoleHead21Hao3Q.png	Assets/Product/Texture/Atlas/UiConnectingLine/UiConnectingLineGridBlue2.png	Assets/Product/Texture/Atlas/UiConnectingLine/UiConnectingLineGridBlue.png	eb6786	eb6786	Q21圆头1
3	Assets/Product/Texture/Image/Role/RoleHeadR3Weila3Q.png	Assets/Product/Texture/Atlas/UiConnectingLine/UiConnectingLineGridRed2.png	Assets/Product/Texture/Atlas/UiConnectingLine/UiConnectingLineGridRed.png	ff7476	ff7476	Q薇拉圆头2
4	Assets/Product/Texture/Image/Role/RoleHeadR3Twentyone2Q.png	Assets/Product/Texture/Atlas/UiConnectingLine/UiConnectingLineGridYell2.png	Assets/Product/Texture/Atlas/UiConnectingLine/UiConnectingLineGridYell.png	b16aec	b16aec	Q21圆头2
5	Assets/Product/Texture/Image/IconTools/IconDormMayDrums001.png	Assets/Product/Texture/Atlas/UiConnectingLine/UiConnectingLineGridGree2.png	Assets/Product/Texture/Atlas/UiConnectingLine/UiConnectingLineGridGree.png	e876be	e876be	架子鼓
6	Assets/Product/Texture/Image/IconTools/ItCharBirthday40.png	Assets/Product/Texture/Atlas/UiConnectingLine/UiConnectingLineGridOrage2.png	Assets/Product/Texture/Atlas/UiConnectingLine/UiConnectingLineGridPink.png	ec5650	ec5650	启动狗狗
7	Assets/Product/Texture/Image/IconTools/ItCharBirthday71.png	Assets/Product/Texture/Atlas/UiConnectingLine/UiConnectingLineGridYell2.png	Assets/Product/Texture/Atlas/UiConnectingLine/UiConnectingLineGridYell.png	b16aec	b16aec	启动哨子
8	Assets/Product/Texture/Image/IconTools/IconDormCoffeewindow001.png	Assets/Product/Texture/Atlas/UiConnectingLine/UiConnectingLineGridBlue2.png	Assets/Product/Texture/Atlas/UiConnectingLine/UiConnectingLineGridBlue.png	eb6786	eb6786	窗户
9	Assets/Product/Texture/Image/Role/RoleHeadWeila3.png	Assets/Product/Texture/Atlas/UiConnectingLine/UiConnectingLineGridRed2.png	Assets/Product/Texture/Atlas/UiConnectingLine/UiConnectingLineGridRed.png	ff7476	ff7476	薇拉成头1
10	Assets/Product/Texture/Image/Role/RoleHeadWeila5.png	Assets/Product/Texture/Atlas/UiConnectingLine/UiConnectingLineGridYell2.png	Assets/Product/Texture/Atlas/UiConnectingLine/UiConnectingLineGridYell.png	b16aec	b16aec	薇拉成头2
11	Assets/Product/Texture/Image/Role/RoleHeadR3Weila3.png	Assets/Product/Texture/Atlas/UiConnectingLine/UiConnectingLineGridGree2.png	Assets/Product/Texture/Atlas/UiConnectingLine/UiConnectingLineGridGree.png	e876be	e876be	薇拉成头3
12	Assets/Product/Texture/Image/Role/RoleHeadR3Weila5.png	Assets/Product/Texture/Atlas/UiConnectingLine/UiConnectingLineGridOrage2.png	Assets/Product/Texture/Atlas/UiConnectingLine/UiConnectingLineGridPink.png	ec5650	ec5650	薇拉成头4
13	Assets/Product/Texture/Image/IconTools/E3SwordMd150111P01.png	Assets/Product/Texture/Atlas/UiConnectingLine/UiConnectingLineGridBlue2.png	Assets/Product/Texture/Atlas/UiConnectingLine/UiConnectingLineGridBlue.png	eb6786	eb6786	太刀武器
14	Assets/Product/Texture/Image/UiArchiveMonsterHead/HeadMe1BioMd004060.png	Assets/Product/Texture/Atlas/UiConnectingLine/UiConnectingLineGridPink2.png	Assets/Product/Texture/Atlas/UiConnectingLine/UiConnectingLineGridPink.png	ff983c	ff983c	红眼怪物
15	Assets/Product/Texture/Image/UiArchiveMonsterHead/HeadMb1LamiyaMd010001.png	Assets/Product/Texture/Atlas/UiConnectingLine/UiConnectingLineGridBlue2.png	Assets/Product/Texture/Atlas/UiConnectingLine/UiConnectingLineGridBlue.png	eb6786	eb6786	拉弥亚怪物
16	Assets/Product/Texture/Image/UiArchiveMonsterHead/HeadMo1TuziMd000002.png	Assets/Product/Texture/Atlas/UiConnectingLine/UiConnectingLineGridRed2.png	Assets/Product/Texture/Atlas/UiConnectingLine/UiConnectingLineGridRed.png	ff7476	ff7476	兔子怪物
17	Assets/Product/Texture/Image/UiArchiveMonsterHead/HeadMo1QingjiejiqiMd010001.png	Assets/Product/Texture/Atlas/UiConnectingLine/UiConnectingLineGridPink2.png	Assets/Product/Texture/Atlas/UiConnectingLine/UiConnectingLineGridPink.png	ff983c	ff983c	三角头怪物
18	Assets/Product/Texture/Image/IconTools/E3LanceMd010011.png	Assets/Product/Texture/Atlas/UiConnectingLine/UiConnectingLineGridGree2.png	Assets/Product/Texture/Atlas/UiConnectingLine/UiConnectingLineGridGree.png	e876be	e876be	旗枪
19	Assets/Product/Texture/Image/Role/RoleHeadR4Weila2Q.png	Assets/Product/Texture/Atlas/UiConnectingLine/UiConnectingLineGridOrage2.png	Assets/Product/Texture/Atlas/UiConnectingLine/UiConnectingLineGridPink.png	ec5650	ec5650	Q薇拉圆头3
20	Assets/Product/Texture/Image/IconTools/IconDormNvwushenChair001.png	Assets/Product/Texture/Atlas/UiConnectingLine/UiConnectingLineGridYell2.png	Assets/Product/Texture/Atlas/UiConnectingLine/UiConnectingLineGridYell.png	b16aec	b16aec	椅子家具
21	Assets/Product/Texture/Image/IconTools/IconDormNvwushenSofa001.png	Assets/Product/Texture/Atlas/UiConnectingLine/UiConnectingLineGridBlue2.png	Assets/Product/Texture/Atlas/UiConnectingLine/UiConnectingLineGridBlue.png	eb6786	eb6786	沙发家具
22	Assets/Product/Texture/Image/IconTools/IconDormCoffeelocker001.png	Assets/Product/Texture/Atlas/UiConnectingLine/UiConnectingLineGridRed2.png	Assets/Product/Texture/Atlas/UiConnectingLine/UiConnectingLineGridRed.png	ff7476	ff7476	柜子家具
23	Assets/Product/Texture/Image/IconTools/IconDormNvwushenStrap001.png	Assets/Product/Texture/Atlas/UiConnectingLine/UiConnectingLineGridYell2.png	Assets/Product/Texture/Atlas/UiConnectingLine/UiConnectingLineGridYell.png	b16aec	b16aec	挂饰家具
24	Assets/Product/Texture/Image/Role/RoleHeadBigWorldMessage04.png	Assets/Product/Texture/Atlas/UiConnectingLine/UiConnectingLineGridGree2.png	Assets/Product/Texture/Atlas/UiConnectingLine/UiConnectingLineGridGree.png	e876be	e876be	三头犬
25	Assets/Product/Texture/Image/IconTools/IconDormNvwushenBed001.png	Assets/Product/Texture/Atlas/UiConnectingLine/UiConnectingLineGridRed2.png	Assets/Product/Texture/Atlas/UiConnectingLine/UiConnectingLineGridRed.png	ff7476	ff7476	床家具
26	Assets/Product/Texture/Image/IconTools/IconDormBiankaWindow001.png	Assets/Product/Texture/Atlas/UiConnectingLine/UiConnectingLineGridYell2.png	Assets/Product/Texture/Atlas/UiConnectingLine/UiConnectingLineGridYell.png	b16aec	b16aec	窗家具
27	Assets/Product/Texture/Image/IconTools/IconRogueSimTwo11.png	Assets/Product/Texture/Atlas/UiConnectingLine/UiConnectingLineGridBlue2.png	Assets/Product/Texture/Atlas/UiConnectingLine/UiConnectingLineGridBlue.png	eb6786	eb6786	茶饮
28	Assets/Product/Texture/Image/IconTools/IconDormBiankaWall001.png	Assets/Product/Texture/Atlas/UiConnectingLine/UiConnectingLineGridRed2.png	Assets/Product/Texture/Atlas/UiConnectingLine/UiConnectingLineGridRed.png	ff7476	ff7476	墙
29	Assets/Product/Texture/Image/UiConnectingLine/UiConnectingLineHead401.png	Assets/Product/Texture/Atlas/UiConnectingLine/UiConnectingLineGridYell2.png	Assets/Product/Texture/Atlas/UiConnectingLine/UiConnectingLineGridYell.png	b16aec	b16aec	雨天
30	Assets/Product/Texture/Image/IconTools/IconRougeItem08.png	Assets/Product/Texture/Atlas/UiConnectingLine/UiConnectingLineGridBlue2.png	Assets/Product/Texture/Atlas/UiConnectingLine/UiConnectingLineGridBlue.png	eb6786	eb6786	纸张
31	Assets/Product/Texture/Image/Role/RoleHeadSandSparrow.png	Assets/Product/Texture/Atlas/UiConnectingLine/UiConnectingLineGridYell2.png	Assets/Product/Texture/Atlas/UiConnectingLine/UiConnectingLineGridYell.png	b16aec	b16aec	士兵
32	Assets/Product/Texture/Image/IconTools/E2RevolverMd010011.png	Assets/Product/Texture/Atlas/UiConnectingLine/UiConnectingLineGridBlue2.png	Assets/Product/Texture/Atlas/UiConnectingLine/UiConnectingLineGridBlue.png	eb6786	eb6786	枪
33	Assets/Product/Texture/Image/IconTools/IconDormSeafloorspaReeftable001.png	Assets/Product/Texture/Atlas/UiConnectingLine/UiConnectingLineGridBlue2.png	Assets/Product/Texture/Atlas/UiConnectingLine/UiConnectingLineGridBlue.png	eb6786	eb6786	岛屿
34	Assets/Product/Texture/Image/IconTools/IconDormSeafloorspaFish001.png	Assets/Product/Texture/Atlas/UiConnectingLine/UiConnectingLineGridRed2.png	Assets/Product/Texture/Atlas/UiConnectingLine/UiConnectingLineGridRed.png	ff7476	ff7476	鱼鱼
35	Assets/Product/Texture/Image/IconTools/IconTheatre17.png	Assets/Product/Texture/Atlas/UiConnectingLine/UiConnectingLineGridYell2.png	Assets/Product/Texture/Atlas/UiConnectingLine/UiConnectingLineGridYell.png	b16aec	b16aec	废墟
36	Assets/Product/Texture/Image/Role/RoleHeadR4Weila2.png	Assets/Product/Texture/Atlas/UiConnectingLine/UiConnectingLineGridRed2.png	Assets/Product/Texture/Atlas/UiConnectingLine/UiConnectingLineGridRed.png	ff7476	ff7476	薇拉成头5
37	Assets/Product/Texture/Image/Role/RoleHeadR4Weila4.png	Assets/Product/Texture/Atlas/UiConnectingLine/UiConnectingLineGridOrage2.png	Assets/Product/Texture/Atlas/UiConnectingLine/UiConnectingLineGridPink.png	ec5650	ec5650	薇拉成头6
38	Assets/Product/Texture/Image/RoleCharacter/V210zjNormal01.png	Assets/Product/Texture/Atlas/UiConnectingLine/UiConnectingLineGridPink2.png	Assets/Product/Texture/Atlas/UiConnectingLine/UiConnectingLineGridPink.png	ff983c	ff983c	指挥官
39	Assets/Product/Texture/Image/IconTools/IconRougeItem034.png	Assets/Product/Texture/Atlas/UiConnectingLine/UiConnectingLineGridBlue2.png	Assets/Product/Texture/Atlas/UiConnectingLine/UiConnectingLineGridBlue.png	eb6786	eb6786	绳子
40	Assets/Product/Texture/Image/IconTools/IconRougeItem022.png	Assets/Product/Texture/Atlas/UiConnectingLine/UiConnectingLineGridGree2.png	Assets/Product/Texture/Atlas/UiConnectingLine/UiConnectingLineGridGree.png	e876be	e876be	日记本
41	Assets/Product/Texture/Image/IconTools/IconDormHalloweenCandlestick001.png	Assets/Product/Texture/Atlas/UiConnectingLine/UiConnectingLineGridYell2.png	Assets/Product/Texture/Atlas/UiConnectingLine/UiConnectingLineGridYell.png	b16aec	b16aec	蜡烛
42	Assets/Product/Texture/Image/IconTools/IconSuperTower01.png	Assets/Product/Texture/Atlas/UiConnectingLine/UiConnectingLineGridBlue2.png	Assets/Product/Texture/Atlas/UiConnectingLine/UiConnectingLineGridBlue.png	eb6786	eb6786	数据
43	Assets/Product/Texture/Image/IconSkill/R4Weilahong1.png	Assets/Product/Texture/Atlas/UiConnectingLine/UiConnectingLineGridBlue2.png	Assets/Product/Texture/Atlas/UiConnectingLine/UiConnectingLineGridBlue.png	eb6786	eb6786	红球
44	Assets/Product/Texture/Image/IconTools/IconDormTavernFence001.png	Assets/Product/Texture/Atlas/UiConnectingLine/UiConnectingLineGridBlue2.png	Assets/Product/Texture/Atlas/UiConnectingLine/UiConnectingLineGrid05.png	eb6786	b8bdd9	围栏
45	Assets/Product/Texture/Image/IconTools/E3BallrobotMd010011.png	Assets/Product/Texture/Atlas/UiConnectingLine/UiConnectingLineGridOrage2.png	Assets/Product/Texture/Atlas/UiConnectingLine/UiConnectingLineGridPink.png	ec5650	ec5650	21武器
46	Assets/Product/Texture/Image/Role/RoleHeadTwentyone3.png	Assets/Product/Texture/Atlas/UiConnectingLine/UiConnectingLineGridYell2.png	Assets/Product/Texture/Atlas/UiConnectingLine/UiConnectingLineGridYell.png	b16aec	b16aec	21号成头1
47	Assets/Product/Texture/Image/Role/RoleHeadR3Buouxiong1.png	Assets/Product/Texture/Atlas/UiConnectingLine/UiConnectingLineGridRed2.png	Assets/Product/Texture/Atlas/UiConnectingLine/UiConnectingLineGrid01.png	ff983c	b8bdd9	S布偶熊成头1
48	Assets/Product/Texture/Image/Role/RoleHeadR2Buouxiong1.png	Assets/Product/Texture/Atlas/UiConnectingLine/UiConnectingLineGridYell2.png	Assets/Product/Texture/Atlas/UiConnectingLine/UiConnectingLineGrid02.png	eb6786	b8bdd9	A布偶熊成头1
49	Assets/Product/Texture/Image/IconTools/ItGift0330.png	Assets/Product/Texture/Atlas/UiConnectingLine/UiConnectingLineGridOrage2.png	Assets/Product/Texture/Atlas/UiConnectingLine/UiConnectingLineGrid03.png	ff7476	b8bdd9	杯子
50	Assets/Product/Texture/Image/IconTools/ItGift0332.png	Assets/Product/Texture/Atlas/UiConnectingLine/UiConnectingLineGridOrage2.png	Assets/Product/Texture/Atlas/UiConnectingLine/UiConnectingLineGrid03.png	b16aec	b8bdd9	布偶熊礼物
51	Assets/Product/Texture/Image/IconTools/ItGift0313.png	Assets/Product/Texture/Atlas/UiConnectingLine/UiConnectingLineGridGree2.png	Assets/Product/Texture/Atlas/UiConnectingLine/UiConnectingLineGrid04.png	e876be	b8bdd9	耳机
52	Assets/Product/Texture/Image/IconTools/ItGift0202.png	Assets/Product/Texture/Atlas/UiConnectingLine/UiConnectingLineGridBlue2.png	Assets/Product/Texture/Atlas/UiConnectingLine/UiConnectingLineGrid05.png	ec5650	b8bdd9	音乐唱片
53	Assets/Product/Texture/Image/Role/RoleHeadR4Kalienina.png	Assets/Product/Texture/Atlas/UiConnectingLine/UiConnectingLineGridBlue2.png	Assets/Product/Texture/Atlas/UiConnectingLine/UiConnectingLineGrid05.png	eb6786	b8bdd9	S卡列成头1
54	Assets/Product/Texture/Image/IconTools/E3HeadsetMd010011.png	Assets/Product/Texture/Atlas/UiConnectingLine/UiConnectingLineGridBlue2.png	Assets/Product/Texture/Atlas/UiConnectingLine/UiConnectingLineGrid05.png	eb6786	b8bdd9	布偶熊武器
55	Assets/Product/Texture/Image/IconTools/E2HammerMd010011.png	Assets/Product/Texture/Atlas/UiConnectingLine/UiConnectingLineGridOrage2.png	Assets/Product/Texture/Atlas/UiConnectingLine/UiConnectingLineGrid03.png	ec5650	b8bdd9	S卡列武器
56	Assets/Product/Texture/Image/Role/RoleHeadKalie.png	Assets/Product/Texture/Atlas/UiConnectingLine/UiConnectingLineGridGree2.png	Assets/Product/Texture/Atlas/UiConnectingLine/UiConnectingLineGrid04.png	b16aec	b8bdd9	A卡列成头
57	Assets/Product/Texture/Image/UiFight/V440UiFightHackerGameGridIcon01.png	Assets/Product/Texture/Atlas/UiConnectingLine/UiConnectingLineGridYell2.png	Assets/Product/Texture/Atlas/UiFight/V440UiFightHackerGameGrid01.png	e876be	b1cdd5	神威关卡1
58	Assets/Product/Texture/Image/UiFight/V440UiFightHackerGameGridIcon02.png	Assets/Product/Texture/Atlas/UiConnectingLine/UiConnectingLineGridBlue2.png	Assets/Product/Texture/Atlas/UiFight/V440UiFightHackerGameGrid02.png	eb6786	b1cdd5	神威关卡2
59	Assets/Product/Texture/Image/UiFight/V440UiFightHackerGameGridIcon03.png	Assets/Product/Texture/Atlas/UiConnectingLine/UiConnectingLineGridOrage2.png	Assets/Product/Texture/Atlas/UiFight/V440UiFightHackerGameGrid03.png	ec5650	b1cdd5	神威关卡3
60	Assets/Product/Texture/Image/UiFight/V440UiFightHackerGameGridIcon04.png	Assets/Product/Texture/Atlas/UiConnectingLine/UiConnectingLineGridGree2.png	Assets/Product/Texture/Atlas/UiFight/V440UiFightHackerGameGrid04.png	b16aec	b1cdd5	神威关卡4
