Id	TimeId	Name	FullScreenBg	PrefabPath	BtnBg	Type	RoundDays	SubRoundId	OpenLevel	OpenStage	PreSignId	CreateTimeId	IsShowWhenDayOver	IsShowWhenSignOver	ReissueRewardMailId
1	24	日常签到	Assets/Product/Texture/Image/UiActivityBase/SignBgDailyLoginNew.png	Assets/Product/Ui/ComponentPrefab/Sign/SignDaily.prefab	Assets/Product/Texture/Image/UiActivityBase/SignLabelDailyLoginNew.png	1	[28]	[101]			2			True	
2	24	新手签到	Assets/Product/Texture/Image/UiActivityBase/UiActivityBaseSignInNewPlayer.png	Assets/Product/Ui/ComponentPrefab/Sign/SignNewhand.prefab	Assets/Product/Texture/Image/UiActivityBase/UiActivityBaseLabelSignInNewPlayer.png	2	[7, 7]	[1001, 1002]		10010303					
5		圣诞签到	Assets/Product/Texture/Image/UiActivityBase/UiActivityBaseSignInNewPlayer.png	Assets/Product/Ui/ComponentPrefab/Sign/SignNewhand.prefab	Assets/Product/Texture/Image/UiActivityBase/UiActivityBaseLabelSignInNewPlayer.png	2	[7]	[1003]	20						
6		元宵签到	Assets/Product/Texture/Image/UiActivityBase/UiActivityBaseSignInNewPlayer.png	Assets/Product/Ui/ComponentPrefab/Sign/SignNewhand.prefab	Assets/Product/Texture/Image/UiActivityBase/UiActivityBaseLabelSignInNewPlayer.png	2	[7]	[1004]	20						
7		新春签到	Assets/Product/Texture/Image/UiActivityBase/UiActivityBaseSignInNewPlayer.png	Assets/Product/Ui/ComponentPrefab/Sign/SignNewhand.prefab	Assets/Product/Texture/Image/UiActivityBase/UiActivityBaseLabelSignInNewPlayer.png	2	[7]	[1005]	20						
8		列车签到	Assets/Product/Texture/Image/UiActivityBase/UiActivityBaseSignInNewPlayer.png	Assets/Product/Ui/ComponentPrefab/Sign/SignNewhand.prefab	Assets/Product/Texture/Image/UiActivityBase/UiActivityBaseLabelSignInNewPlayer.png	2	[7]	[1006]	20						
9		夜航船签到	Assets/Product/Texture/Image/UiActivityBase/UiActivityBaseSignInNewPlayer.png	Assets/Product/Ui/ComponentPrefab/Sign/SignNewhand.prefab	Assets/Product/Texture/Image/UiActivityBase/UiActivityBaseLabelSignInNewPlayer.png	2	[7]	[1007]	20						
10		九龙环城签到	Assets/Product/Texture/Image/UiActivityBase/UiActivityBaseSignInNewPlayer.png	Assets/Product/Ui/ComponentPrefab/Sign/SignNewhand.prefab	Assets/Product/Texture/Image/UiActivityBase/UiActivityBaseLabelSignInNewPlayer.png	2	[7]	[1008]	20						
11		湛蓝曙日签到	Assets/Product/Texture/Image/UiActivityBase/UiActivityBaseSignInNewPlayer.png	Assets/Product/Ui/ComponentPrefab/Sign/SignNewhand.prefab	Assets/Product/Texture/Image/UiActivityBase/UiActivityBaseLabelSignInNewPlayer.png	2	[7, 7]	[1009, 1010]	20						
12		重返极夜签到	Assets/Product/Texture/Image/UiActivityBase/UiActivityBaseSignInNewPlayer.png	Assets/Product/Ui/ComponentPrefab/Sign/SignNewhand.prefab	Assets/Product/Texture/Image/UiActivityBase/UiActivityBaseLabelSignInNewPlayer.png	2	[7]	[1011]	20						
13		金秋巡礼	Assets/Product/Texture/Image/UiActivityBase/UiActivityBaseSignInNewPlayer.png	Assets/Product/Ui/ComponentPrefab/Sign/SignNewhand.prefab	Assets/Product/Texture/Image/UiActivityBase/UiActivityBaseLabelSignInNewPlayer.png	2	[7]	[1012]	20						
14		古铭遗章签到	Assets/Product/Texture/Image/UiActivityBase/UiActivityBaseSignInNewPlayer.png	Assets/Product/Ui/ComponentPrefab/Sign/SignNewhand.prefab	Assets/Product/Texture/Image/UiActivityBase/UiActivityBaseLabelSignInNewPlayer.png	2	[7]	[1013]	20						
15		终焉福音签到	Assets/Product/Texture/Image/UiActivityBase/UiActivityBaseSignInNewPlayer.png	Assets/Product/Ui/ComponentPrefab/Sign/SignNewhand.prefab	Assets/Product/Texture/Image/UiActivityBase/UiActivityBaseLabelSignInNewPlayer.png	2	[7]	[1014]	20						
16		周年贺礼	Assets/Product/Texture/Image/UiActivityBase/UiActivityBaseSignInNewPlayer.png	Assets/Product/Ui/ComponentPrefab/Sign/SignNewhand.prefab	Assets/Product/Texture/Image/UiActivityBase/UiActivityBaseLabelSignInNewPlayer.png	2	[3]	[1015]	20						
17		寄渊残响签到	Assets/Product/Texture/Image/UiActivityBase/UiActivityBaseSignInNewPlayer.png	Assets/Product/Ui/ComponentPrefab/Sign/SignNewhand.prefab	Assets/Product/Texture/Image/UiActivityBase/UiActivityBaseLabelSignInNewPlayer.png	2	[7, 7]	[1016, 1017]	20						
18		寅月福临	Assets/Product/Texture/Image/UiActivityBase/UiActivityBaseSignInNewPlayer.png	Assets/Product/Ui/ComponentPrefab/Sign/SignNewhand.prefab	Assets/Product/Texture/Image/UiActivityBase/UiActivityBaseLabelSignInNewPlayer.png	2	[3]	[1018]	20						
19		新春颂献签到	Assets/Product/Texture/Image/UiActivityBase/UiActivityBaseSignInNewPlayer.png	Assets/Product/Ui/ComponentPrefab/Sign/SignNewhand.prefab	Assets/Product/Texture/Image/UiActivityBase/UiActivityBaseLabelSignInNewPlayer.png	3	[7, 7]	[1019, 1020]							
20		熹年贺岁签到	Assets/Product/Texture/Image/UiActivityBase/UiActivityBaseSignInNewPlayer.png	Assets/Product/Ui/ComponentPrefab/Sign/SignNewhand.prefab	Assets/Product/Texture/Image/UiActivityBase/UiActivityBaseLabelSignInNewPlayer.png	3	[7]	[1021]							
21		咏叹回声签到	Assets/Product/Texture/Image/UiActivityBase/UiActivityBaseSignInNewPlayer.png	Assets/Product/Ui/ComponentPrefab/Sign/SignNewhand.prefab	Assets/Product/Texture/Image/UiActivityBase/UiActivityBaseLabelSignInNewPlayer.png	2	[7]	[1022]	20						
22		视线囚笼签到	Assets/Product/Texture/Image/UiActivityBase/UiActivityBaseSignInNewPlayer.png	Assets/Product/Ui/ComponentPrefab/Sign/SignNewhand.prefab	Assets/Product/Texture/Image/UiActivityBase/UiActivityBaseLabelSignInNewPlayer.png	2	[7]	[1023]	20						
23		迷境刻痕签到	Assets/Product/Texture/Image/UiActivityBase/UiActivityBaseSignInNewPlayer.png	Assets/Product/Ui/ComponentPrefab/Sign/SignNewhand.prefab	Assets/Product/Texture/Image/UiActivityBase/UiActivityBaseLabelSignInNewPlayer.png	2	[7]	[1024]	20						
24		伊甸文化纪	Assets/Product/Texture/Image/UiActivityBase/UiActivityBaseSignInNewPlayer.png	Assets/Product/Ui/ComponentPrefab/Sign/SignNewhand.prefab	Assets/Product/Texture/Image/UiActivityBase/UiActivityBaseLabelSignInNewPlayer.png	2	[7, 7]	[1025, 1026]	52						
25		绝海星火签到	Assets/Product/Texture/Image/UiActivityBase/UiActivityBaseSignInNewPlayer.png	Assets/Product/Ui/ComponentPrefab/Sign/SignNewhand.prefab	Assets/Product/Texture/Image/UiActivityBase/UiActivityBaseLabelSignInNewPlayer.png	2	[7]	[1027]	20						
26		夏风馈赠	Assets/Product/Texture/Image/UiActivityBase/UiActivityBaseSignInNewPlayer.png	Assets/Product/Ui/ComponentPrefab/Sign/SignNewhand.prefab	Assets/Product/Texture/Image/UiActivityBase/UiActivityBaseLabelSignInNewPlayer.png	2	[7]	[1028]	20						
27		永夜胎动	Assets/Product/Texture/Image/UiActivityBase/UiActivityBaseSignInNewPlayer.png	Assets/Product/Ui/ComponentPrefab/Sign/SignNewhand.prefab	Assets/Product/Texture/Image/UiActivityBase/UiActivityBaseLabelSignInNewPlayer.png	2	[7]	[1029]	20						
28		月明千里	Assets/Product/Texture/Image/UiActivityBase/UiActivityBaseSignInNewPlayer.png	Assets/Product/Ui/ComponentPrefab/Sign/SignNewhand.prefab	Assets/Product/Texture/Image/UiActivityBase/UiActivityBaseLabelSignInNewPlayer.png	2	[3]	[1030]	20						
29		湮灭残昼	Assets/Product/Texture/Image/UiActivityBase/UiActivityBaseSignInNewPlayer.png	Assets/Product/Ui/ComponentPrefab/Sign/SignNewhand.prefab	Assets/Product/Texture/Image/UiActivityBase/UiActivityBaseLabelSignInNewPlayer.png	2	[7]	[1031]	20						
30		宣叙妄响	Assets/Product/Texture/Image/UiActivityBase/UiActivityBaseSignInNewPlayer.png	Assets/Product/Ui/ComponentPrefab/Sign/SignNewhand.prefab	Assets/Product/Texture/Image/UiActivityBase/UiActivityBaseLabelSignInNewPlayer.png	2	[7]	[1032]	20						
31		周年贺礼	Assets/Product/Texture/Image/UiActivityBase/UiActivityBaseSignInNewPlayer.png	Assets/Product/Ui/ComponentPrefab/Sign/SignNewhand.prefab	Assets/Product/Texture/Image/UiActivityBase/UiActivityBaseLabelSignInNewPlayer.png	2	[3]	[1033]	20						
32		游云鲸梦	Assets/Product/Texture/Image/UiActivityBase/UiActivityBaseSignInNewPlayer.png	Assets/Product/Ui/ComponentPrefab/Sign/SignNewhand.prefab	Assets/Product/Texture/Image/UiActivityBase/UiActivityBaseLabelSignInNewPlayer.png	2	[7]	[1034]	20						
33		恭贺元旦	Assets/Product/Texture/Image/UiActivityBase/UiActivityBaseSignInNewPlayer.png	Assets/Product/Ui/ComponentPrefab/Sign/SignNewhand.prefab	Assets/Product/Texture/Image/UiActivityBase/UiActivityBaseLabelSignInNewPlayer.png	2	[3]	[1035]	20						
36		曙星致意	Assets/Product/Texture/Image/UiActivityBase/UiActivityBaseSignInNewPlayer.png	Assets/Product/Ui/ComponentPrefab/Sign/SignNewhand.prefab	Assets/Product/Texture/Image/UiActivityBase/UiActivityBaseLabelSignInNewPlayer.png	2	[7]	[1036]	20						
35		桃符授春	Assets/Product/Texture/Image/UiActivityBase/UiActivityBaseSignInNewPlayer.png	Assets/Product/Ui/ComponentPrefab/Sign/SignNewhand.prefab	Assets/Product/Texture/Image/UiActivityBase/UiActivityBaseLabelSignInNewPlayer.png	2	[3]	[1037]	20						
37		遥岸方舟	Assets/Product/Texture/Image/UiActivityBase/UiActivityBaseSignInNewPlayer.png	Assets/Product/Ui/ComponentPrefab/Sign/SignNewhand.prefab	Assets/Product/Texture/Image/UiActivityBase/UiActivityBaseLabelSignInNewPlayer.png	2	[7]	[1038]	20						
38		空晓界限	Assets/Product/Texture/Image/UiActivityBase/UiActivityBaseSignInNewPlayer.png	Assets/Product/Ui/ComponentPrefab/Sign/SignNewhand.prefab	Assets/Product/Texture/Image/UiActivityBase/UiActivityBaseLabelSignInNewPlayer.png	2	[7]	[1039]	20						
39		五一纪行	Assets/Product/Texture/Image/UiActivityBase/UiActivityBaseSignInNewPlayer.png	Assets/Product/Ui/ComponentPrefab/Sign/SignNewhand.prefab	Assets/Product/Texture/Image/UiActivityBase/UiActivityBaseLabelSignInNewPlayer.png	2	[3]	[1040]	20						
40		枯朽为灯	Assets/Product/Texture/Image/UiActivityBase/UiActivityBaseSignInNewPlayer.png	Assets/Product/Ui/ComponentPrefab/Sign/SignNewhand.prefab	Assets/Product/Texture/Image/UiActivityBase/UiActivityBaseLabelSignInNewPlayer.png	2	[7]	[1041]	20						
41		鸢纸刻历	Assets/Product/Texture/Image/UiActivityBase/UiActivityBaseSignInNewPlayer.png	Assets/Product/Ui/ComponentPrefab/Sign/SignNewhand.prefab	Assets/Product/Texture/Image/UiActivityBase/UiActivityBaseLabelSignInNewPlayer.png	2	[3]	[1042]	20						
42	24	新锐武备-签到	Assets/Product/Texture/Image/UiActivityBase/UiActivityBaseSignInCelica.png	Assets/Product/Ui/ComponentPrefab/Sign/SignNewhand2.prefab	Assets/Product/Texture/Image/UiActivityBase/UiActivityBaseLabelSignInCelica.png	2	[7]	[1043]		10010303		30			138
43		烬海异途	Assets/Product/Texture/Image/UiActivityBase/UiActivityBaseSignInNewPlayer.png	Assets/Product/Ui/ComponentPrefab/Sign/SignNewhand.prefab	Assets/Product/Texture/Image/UiActivityBase/UiActivityBaseLabelSignInNewPlayer.png	2	[7]	[1044]	20						
44		未语庭言	Assets/Product/Texture/Image/UiActivityBase/UiActivityBaseSignInNewPlayer.png	Assets/Product/Ui/ComponentPrefab/Sign/SignNewhand.prefab	Assets/Product/Texture/Image/UiActivityBase/UiActivityBaseLabelSignInNewPlayer.png	2	[7]	[1045]	20						
45		秋月渐盈	Assets/Product/Texture/Image/UiActivityBase/UiActivityBaseSignInNewPlayer.png	Assets/Product/Ui/ComponentPrefab/Sign/SignNewhand.prefab	Assets/Product/Texture/Image/UiActivityBase/UiActivityBaseLabelSignInNewPlayer.png	2	[3]	[1046]	20						
46		刻命螺旋	Assets/Product/Texture/Image/UiActivityBase/UiActivityBaseSignInNewPlayer.png	Assets/Product/Ui/ComponentPrefab/Sign/SignNewhand.prefab	Assets/Product/Texture/Image/UiActivityBase/UiActivityBaseLabelSignInNewPlayer.png	2	[7]	[1047]	20						
47		创绘映想-签到	Assets/Product/Texture/Image/UiActivityBase/UiActivityBaseSignInNewPlayer.png	Assets/Product/Ui/ComponentPrefab/Sign/SignNewhand.prefab	Assets/Product/Texture/Image/UiActivityBase/UiActivityBaseLabelSignInNewPlayer.png	2	[7]	[1048]	20						
48		千日盛彩-签到	Assets/Product/Texture/Image/UiActivityBase/UiActivityBaseSignInNewPlayer.png	Assets/Product/Ui/ComponentPrefab/Sign/SignNewhand.prefab	Assets/Product/Texture/Image/UiActivityBase/UiActivityBaseLabelSignInNewPlayer.png	2	[3]	[1049]	20						
49		凛桎鸣渊-签到	Assets/Product/Texture/Image/UiActivityBase/UiActivityBaseSignInNewPlayer.png	Assets/Product/Ui/ComponentPrefab/Sign/SignNewhand.prefab	Assets/Product/Texture/Image/UiActivityBase/UiActivityBaseLabelSignInNewPlayer.png	2	[7]	[1050]	20						
50		万象更新-签到	Assets/Product/Texture/Image/UiActivityBase/UiActivityBaseSignInNewPlayer.png	Assets/Product/Ui/ComponentPrefab/Sign/SignNewhand.prefab	Assets/Product/Texture/Image/UiActivityBase/UiActivityBaseLabelSignInNewPlayer.png	2	[3]	[1051]							
51		恭贺新禧-签到	Assets/Product/Texture/Image/UiActivityBase/UiActivityBaseSignInNewPlayer.png	Assets/Product/Ui/ComponentPrefab/Sign/SignNewhand.prefab	Assets/Product/Texture/Image/UiActivityBase/UiActivityBaseLabelSignInNewPlayer.png	2	[3]	[1052]							
52		浮英枕梦行-签到	Assets/Product/Texture/Image/UiActivityBase/UiActivityBaseSignInNewPlayer.png	Assets/Product/Ui/ComponentPrefab/Sign/SignNewhand.prefab	Assets/Product/Texture/Image/UiActivityBase/UiActivityBaseLabelSignInNewPlayer.png	2	[3]	[1053]	20						
53	900	S级自选礼包	Assets/Product/Texture/Image/UiActivityBase/SignBgSCharacterWelfare.png	Assets/Product/Ui/ComponentPrefab/Sign/SignSCharacterWelfare.prefab	Assets/Product/Texture/Image/UiActivityBase/SignLabelSCharacterWelfare.png	2	[1]	[1054]		10010204		900			
54		萦森歧路-签到	Assets/Product/Texture/Image/UiActivityBase/UiActivityBaseSignInNewPlayer.png	Assets/Product/Ui/ComponentPrefab/Sign/SignNewhand.prefab	Assets/Product/Texture/Image/UiActivityBase/UiActivityBaseLabelSignInNewPlayer.png	2	[7]	[1055]	20						
55		劳动便签-签到	Assets/Product/Texture/Image/UiActivityBase/UiActivityBaseSignInNewPlayer.png	Assets/Product/Ui/ComponentPrefab/Sign/SignNewhand.prefab	Assets/Product/Texture/Image/UiActivityBase/UiActivityBaseLabelSignInNewPlayer.png	2	[3]	[1056]							
56		怒逐沉沙-签到	Assets/Product/Texture/Image/UiActivityBase/UiActivityBaseSignInNewPlayer.png	Assets/Product/Ui/ComponentPrefab/Sign/SignNewhand.prefab	Assets/Product/Texture/Image/UiActivityBase/UiActivityBaseLabelSignInNewPlayer.png	2	[7]	[1057]	20						
57		乔阳纪叙-签到	Assets/Product/Texture/Image/UiActivityBase/UiActivityBaseSignInNewPlayer.png	Assets/Product/Ui/ComponentPrefab/Sign/SignNewhand.prefab	Assets/Product/Texture/Image/UiActivityBase/UiActivityBaseLabelSignInNewPlayer.png	2	[3]	[1058]							
58		爝火长明-签到	Assets/Product/Texture/Image/UiActivityBase/UiActivityBaseSignInNewPlayer.png	Assets/Product/Ui/ComponentPrefab/Sign/SignNewhand.prefab	Assets/Product/Texture/Image/UiActivityBase/UiActivityBaseLabelSignInNewPlayer.png	2	[7]	[1059]	20						
59		摇篮游行-签到	Assets/Product/Texture/Image/UiActivityBase/UiActivityBaseSignInNewPlayer.png	Assets/Product/Ui/ComponentPrefab/Sign/SignNewhand.prefab	Assets/Product/Texture/Image/UiActivityBase/UiActivityBaseLabelSignInNewPlayer.png	2	[7]	[1060]	20						
60		镜焰迷城-签到	Assets/Product/Texture/Image/UiActivityBase/UiActivityBaseSignInNewPlayer.png	Assets/Product/Ui/ComponentPrefab/Sign/SignNewhand.prefab	Assets/Product/Texture/Image/UiActivityBase/UiActivityBaseLabelSignInNewPlayer.png	2	[7]	[1061]	20						
61		探阑盛月-签到	Assets/Product/Texture/Image/UiActivityBase/UiActivityBaseSignInNewPlayer.png	Assets/Product/Ui/ComponentPrefab/Sign/SignNewhand.prefab	Assets/Product/Texture/Image/UiActivityBase/UiActivityBaseLabelSignInNewPlayer.png	2	[3]	[1062]							
62		碑火铸脊-签到	Assets/Product/Texture/Image/UiActivityBase/UiActivityBaseSignInNewPlayer.png	Assets/Product/Ui/ComponentPrefab/Sign/SignNewhand.prefab	Assets/Product/Texture/Image/UiActivityBase/UiActivityBaseLabelSignInNewPlayer.png	2	[7]	[1063]	20						
63		光影印迹-签到	Assets/Product/Texture/Image/UiActivityBase/UiActivityBaseSignInNewPlayer.png	Assets/Product/Ui/ComponentPrefab/Sign/SignNewhand.prefab	Assets/Product/Texture/Image/UiActivityBase/UiActivityBaseLabelSignInNewPlayer.png	2	[3]	[1064]							
64		络勾陈-签到	Assets/Product/Texture/Image/UiActivityBase/UiActivityBaseSignInNewPlayer.png	Assets/Product/Ui/ComponentPrefab/Sign/SignNewhand.prefab	Assets/Product/Texture/Image/UiActivityBase/UiActivityBaseLabelSignInNewPlayer.png	2	[7]	[1065]	20						
65		禧夜灯火-签到	Assets/Product/Texture/Image/UiActivityBase/UiActivityBaseSignInNewPlayer.png	Assets/Product/Ui/ComponentPrefab/Sign/SignNewhand.prefab	Assets/Product/Texture/Image/UiActivityBase/UiActivityBaseLabelSignInNewPlayer.png	2	[3]	[1066]							
66		源解信标-签到	Assets/Product/Texture/Image/UiActivityBase/UiActivityBaseSignInNewPlayer.png	Assets/Product/Ui/ComponentPrefab/Sign/SignNewhand.prefab	Assets/Product/Texture/Image/UiActivityBase/UiActivityBaseLabelSignInNewPlayer.png	2	[7]	[1067]	20						
67		新颂盈宵-签到	Assets/Product/Texture/Image/UiActivityBase/UiActivityBaseSignInNewPlayer.png	Assets/Product/Ui/ComponentPrefab/Sign/SignNewhand.prefab	Assets/Product/Texture/Image/UiActivityBase/UiActivityBaseLabelSignInNewPlayer.png	2	[3]	[1068]							
68		镜像星尘-签到	Assets/Product/Texture/Image/UiActivityBase/UiActivityBaseSignInNewPlayer.png	Assets/Product/Ui/ComponentPrefab/Sign/SignNewhand.prefab	Assets/Product/Texture/Image/UiActivityBase/UiActivityBaseLabelSignInNewPlayer.png	2	[7]	[1069]	20						
69		幽塔黎光-签到	Assets/Product/Texture/Image/UiActivityBase/UiActivityBaseSignInNewPlayer.png	Assets/Product/Ui/ComponentPrefab/Sign/SignNewhand.prefab	Assets/Product/Texture/Image/UiActivityBase/UiActivityBaseLabelSignInNewPlayer.png	2	[7]	[1070]	20						
70		云梁觅影-签到	Assets/Product/Texture/Image/UiActivityBase/UiActivityBaseSignInNewPlayer.png	Assets/Product/Ui/ComponentPrefab/Sign/SignNewhand.prefab	Assets/Product/Texture/Image/UiActivityBase/UiActivityBaseLabelSignInNewPlayer.png	2	[7]	[1071]	20						
71		天道酬勤-签到	Assets/Product/Texture/Image/UiActivityBase/UiActivityBaseSignInNewPlayer.png	Assets/Product/Ui/ComponentPrefab/Sign/SignNewhand.prefab	Assets/Product/Texture/Image/UiActivityBase/UiActivityBaseLabelSignInNewPlayer.png	2	[3]	[1072]							
72		暮往长离-签到	Assets/Product/Texture/Image/UiActivityBase/UiActivityBaseSignInNewPlayer.png	Assets/Product/Ui/ComponentPrefab/Sign/SignNewhand.prefab	Assets/Product/Texture/Image/UiActivityBase/UiActivityBaseLabelSignInNewPlayer.png	2	[7]	[1073]	20						
73		龙游韶光-签到	Assets/Product/Texture/Image/UiActivityBase/UiActivityBaseSignInNewPlayer.png	Assets/Product/Ui/ComponentPrefab/Sign/SignNewhand.prefab	Assets/Product/Texture/Image/UiActivityBase/UiActivityBaseLabelSignInNewPlayer.png	2	[3]	[1074]							
74		剪身成蝶-签到	Assets/Product/Texture/Image/UiActivityBase/UiActivityBaseSignInNewPlayer.png	Assets/Product/Ui/ComponentPrefab/Sign/SignNewhand.prefab	Assets/Product/Texture/Image/UiActivityBase/UiActivityBaseLabelSignInNewPlayer.png	2	[7]	[1075]	20						
76	24	七日馈赠-礼包	Assets/Product/Texture/Image/UiActivityBase/UiActivityBaseWeekCard.png	Assets/Product/Ui/ComponentPrefab/Sign/SignWeekCard.prefab	Assets/Product/Texture/Image/UiActivityBase/UiActivityBaseLabelWeekCardV215.png	4	[7]	[201]						True	
77		晨昏庭影-签到	Assets/Product/Texture/Image/UiActivityBase/UiActivityBaseSignInNewPlayer.png	Assets/Product/Ui/ComponentPrefab/Sign/SignNewhand.prefab	Assets/Product/Texture/Image/UiActivityBase/UiActivityBaseLabelSignInNewPlayer.png	2	[7]	[1076]	20						
78		瑶月澄秋-签到	Assets/Product/Texture/Image/UiActivityBase/UiActivityBaseSignInNewPlayer.png	Assets/Product/Ui/ComponentPrefab/Sign/SignNewhand.prefab	Assets/Product/Texture/Image/UiActivityBase/UiActivityBaseLabelSignInNewPlayer.png	2	[3]	[1077]							
79		遥行循星-签到	Assets/Product/Texture/Image/UiActivityBase/UiActivityBaseSignInNewPlayer.png	Assets/Product/Ui/ComponentPrefab/Sign/SignNewhand.prefab	Assets/Product/Texture/Image/UiActivityBase/UiActivityBaseLabelSignInNewPlayer.png	2	[7]	[1078]	20						
80		拾忆同辰-签到	Assets/Product/Texture/Image/UiActivityBase/UiActivityBaseSignInNewPlayer.png	Assets/Product/Ui/ComponentPrefab/Sign/SignNewhand.prefab	Assets/Product/Texture/Image/UiActivityBase/UiActivityBaseLabelSignInNewPlayer.png	2	[3]	[1079]	20						
81		锈夜逐光-签到	Assets/Product/Texture/Image/UiActivityBase/UiActivityBaseSignInNewPlayer.png	Assets/Product/Ui/ComponentPrefab/Sign/SignNewhand.prefab	Assets/Product/Texture/Image/UiActivityBase/UiActivityBaseLabelSignInNewPlayer.png	2	[7]	[1080]							
82		穹隙流宿-签到	Assets/Product/Texture/Image/UiActivityBase/UiActivityBaseSignInNewPlayer.png	Assets/Product/Ui/ComponentPrefab/Sign/SignNewhand.prefab	Assets/Product/Texture/Image/UiActivityBase/UiActivityBaseLabelSignInNewPlayer.png	2	[7, 7]	[1081, 1082]							
83		醉狱谲笼-签到	Assets/Product/Texture/Image/UiActivityBase/UiActivityBaseSignInNewPlayer.png	Assets/Product/Ui/ComponentPrefab/Sign/SignNewhand.prefab	Assets/Product/Texture/Image/UiActivityBase/UiActivityBaseLabelSignInNewPlayer.png	2	[7]	[1083]	20						
84		贺岁鸣新-签到	Assets/Product/Texture/Image/UiActivityBase/UiActivityBaseSignInNewPlayer.png	Assets/Product/Ui/ComponentPrefab/Sign/SignNewhand.prefab	Assets/Product/Texture/Image/UiActivityBase/UiActivityBaseLabelSignInNewPlayer.png	2	[3]	[1084]							
85		梦赴光寥之乡-签到	Assets/Product/Texture/Image/UiActivityBase/UiActivityBaseSignInNewPlayer.png	Assets/Product/Ui/ComponentPrefab/Sign/SignNewhand.prefab	Assets/Product/Texture/Image/UiActivityBase/UiActivityBaseLabelSignInNewPlayer.png	2	[7]	[1085]	20						
86		万祥沐春-签到	Assets/Product/Texture/Image/UiActivityBase/UiActivityBaseSignInNewPlayer.png	Assets/Product/Ui/ComponentPrefab/Sign/SignNewhand.prefab	Assets/Product/Texture/Image/UiActivityBase/UiActivityBaseLabelSignInNewPlayer.png	2	[3]	[1086]							
87	24	七日馈赠-礼包	Assets/Product/Texture/Image/UiActivityBase/UiActivityBaseWeekCardSpringFestival.png	Assets/Product/Ui/ComponentPrefab/Sign/SignWeekCardSpringFestival.prefab	Assets/Product/Texture/Image/UiActivityBase/UiActivityBaseLabelWeekCardV302.png	4	[7]	[201]						True	
88		逐生复始-签到	Assets/Product/Texture/Image/UiActivityBase/SignBgJietaweiV303.png	Assets/Product/Ui/ComponentPrefab/Sign/SignMainJietaweiV303.prefab	Assets/Product/Texture/Image/UiActivityBase/SignLabelJietaweiV303.png	2	[7]	[1087]	20						
89		末路燎原-签到	Assets/Product/Texture/Image/UiActivityBase/SignBgWeilaV304.png	Assets/Product/Ui/ComponentPrefab/Sign/SignMainWeilaV304.prefab	Assets/Product/Texture/Image/UiActivityBase/SignLabelWeilaV304.png	2	[7]	[1088]	20						
90		幻寂鸣泣曲-签到	Assets/Product/Texture/Image/UiActivityBase/SignBgGuiqiV305.png	Assets/Product/Ui/ComponentPrefab/Sign/SignMainGuiqiV305.prefab	Assets/Product/Texture/Image/UiActivityBase/SignLabelGuiqiV305.png	2	[7]	[1089]	20						
91		箬香盈岸-签到	Assets/Product/Texture/Image/UiActivityBase/SignBgDuanwuV305.png	Assets/Product/Ui/ComponentPrefab/Sign/SignMainDuanwuV305.prefab	Assets/Product/Texture/Image/UiActivityBase/SignLabelDuanwuV305.png	2	[3]	[1090]							
92		暇时小歇-签到	Assets/Product/Texture/Image/UiActivityBase/SignBg202551V304.png	Assets/Product/Ui/ComponentPrefab/Sign/SignMain202551.prefab	Assets/Product/Texture/Image/UiActivityBase/SignLabel202551V304.png	2	[3]	[1091]							
93	24	七日馈赠-礼包	Assets/Product/Texture/Image/UiActivityBase/UiActivityBaseWeekCardV306.png	Assets/Product/Ui/ComponentPrefab/Sign/SignWeekCardV306.prefab	Assets/Product/Texture/Image/UiActivityBase/UiActivityBaseLabelWeekCardV306.png	4	[7]	[201]							
94	39452	覆海归途-签到	Assets/Product/Texture/Image/UiActivityBase/SignBgV306.png	Assets/Product/Ui/ComponentPrefab/Sign/SignMainV306.prefab	Assets/Product/Texture/Image/UiActivityBase/SignLabelV306.png	2	[7]	[1092]	20						
95	40602	织奏序言-签到	Assets/Product/Texture/Image/UiActivityBase/SignBgV307.png	Assets/Product/Ui/ComponentPrefab/Sign/SignMainV307.prefab	Assets/Product/Texture/Image/UiActivityBase/SignLabelV307.png	2	[7]	[1093]	20						
96	41902	理想笼-签到	Assets/Product/Texture/Image/UiActivityBase/SignBgV308.png	Assets/Product/Ui/ComponentPrefab/Sign/SignMainV308.prefab	Assets/Product/Texture/Image/UiActivityBase/SignLabelV308.png	2	[7]	[1094]	20						
97	41903	千秋一月-签到	Assets/Product/Texture/Image/UiActivityBase/SignBgZhongqiuV308.png	Assets/Product/Ui/ComponentPrefab/Sign/SignMainZhongqiuV308.prefab	Assets/Product/Texture/Image/UiActivityBase/SignLabelZhongqiuV308.png	2	[3]	[1095]							
98	24	新手三日补给-签到	Assets/Product/Texture/Image/UiActivityBase/UiActivityBase3DayCard.png	Assets/Product/Ui/ComponentPrefab/Sign/SignCardThreeDayV400.prefab	Assets/Product/Texture/Image/UiActivityBase/UiActivityBaseLabel3DayCardCardV400.png	4	[3]	[301]							
99	42953	眠于厄寐之境-签到	Assets/Product/Texture/Image/UiActivityBase/SignBgV400.png	Assets/Product/Ui/ComponentPrefab/Sign/SignMainV400.prefab	Assets/Product/Texture/Image/UiActivityBase/SignLabelV400.png	2	[7]	[1096]	20						
100	42954	伴明荣序-签到	Assets/Product/Texture/Image/UiActivityBase/SignBgBirthday3V400.png	Assets/Product/Ui/ComponentPrefab/Sign/SignMainBirthday3V400.prefab	Assets/Product/Texture/Image/UiActivityBase/SignLabelBirthday3V400.png	2	[3]	[1097]							
101	42955	星落汪洋-签到	Assets/Product/Texture/Image/UiActivityBase/SignBgBirthday14V400.png	Assets/Product/Ui/ComponentPrefab/Sign/SignMainBirthday14V400.prefab	Assets/Product/Texture/Image/UiActivityBase/SignLabelBirthday14V400.png	2	[7, 7]	[1098, 1099]							
102	43502	推想视限-签到	Assets/Product/Texture/Image/UiActivityBase/SignBgV401.png	Assets/Product/Ui/ComponentPrefab/Sign/SignMainV401.prefab	Assets/Product/Texture/Image/UiActivityBase/SignLabelV401.png	2	[7]	[1100]	20						
103	43503	时轨崭列-签到	Assets/Product/Texture/Image/UiActivityBase/SignBgNewYearV401.png	Assets/Product/Ui/ComponentPrefab/Sign/SignMainNewYearV401.prefab	Assets/Product/Texture/Image/UiActivityBase/SignLabelNewYearV401.png	2	[3]	[1101]							
104	44551	冬冕的凋亡-签到	Assets/Product/Texture/Image/UiActivityBase/SignBgV402.png	Assets/Product/Ui/ComponentPrefab/Sign/SignMainV402.prefab	Assets/Product/Texture/Image/UiActivityBase/SignLabelV402.png	2	[7]	[1102]	20						
105	44552	福韶祈岁-签到	Assets/Product/Texture/Image/UiActivityBase/SignBgCnNewYearV402.png	Assets/Product/Ui/ComponentPrefab/Sign/SignMainNewYearV402.prefab	Assets/Product/Texture/Image/UiActivityBase/SignLabelCnNewYearV402.png	2	[3]	[1103]							
106	24	七日馈赠-礼包	Assets/Product/Texture/Image/UiActivityBase/UiActivityBaseWeekCardV306.png	Assets/Product/Ui/ComponentPrefab/Sign/SignWeekCardV306.prefab	Assets/Product/Texture/Image/UiActivityBase/UiActivityBaseLabelWeekCardV306.png	4	[7]	[201]						True	
107	45911	烈日将烬-签到	Assets/Product/Texture/Image/UiActivityBase/SignBgYureV404.png	Assets/Product/Ui/ComponentPrefab/Sign/SignMainYureV404.prefab	Assets/Product/Texture/Image/UiActivityBase/SignLabelYureV404.png	2	[3]	[1201]							
108	45110	更美好的明天-签到	Assets/Product/Texture/Image/UiActivityBase/SignBgV403.png	Assets/Product/Ui/ComponentPrefab/Sign/SignMainV403.prefab	Assets/Product/Texture/Image/UiActivityBase/SignLabelV403.png	2	[7]	[1104]	20						
109		烈日将烬-签到	Assets/Product/Texture/Image/UiActivityBase/SignBgV403.png	Assets/Product/Ui/ComponentPrefab/Sign/SignMainV403.prefab	Assets/Product/Texture/Image/UiActivityBase/SignLabelV403.png	2	[7]	[1105]	20						
110		晴朗假日-签到	Assets/Product/Texture/Image/UiActivityBase/SignBgCnNewYearV402.png	Assets/Product/Ui/ComponentPrefab/Sign/SignMainNewYearV402.prefab	Assets/Product/Texture/Image/UiActivityBase/SignLabelCnNewYearV402.png	2	[3]	[1106]							
