Id	Name	Date	SignId
1	元旦	2024/1/1	9
2	四周年	2023/12/5	8
3	中秋节	2023/9/29	7
4	2023年除夕	2024/2/9	10
5	2024年大年初一	2024/2/10	11
6	2024年大年初二	2024/2/11	12
7	2024年大年初三	2024/2/12	13
8	2024端午节	2024/6/10	14
9	2024中秋节	2024/9/17	15
10	2024年国庆	2024/10/1	16
11	五周年	2024/12/5	17
12	2025元旦	2025/1/1	18
13	2024年除夕	2025/1/28	19
14	2025年大年初一	2025/1/29	20
15	2025年大年初二	2025/1/30	21
16	2025年大年初三	2025/1/31	22
17	2025劳动节	2025/5/1	23
18	2025端午节	2025/5/31	24
19	2025国庆节	2025/10/1	25
20	2025中秋节	2025/10/6	26
21	2025六周年	2025/12/5	27
22	2026元旦	2026/1/1	28
23	2025年除夕	2026/2/16	29
24	2026年大年初一	2026/2/17	30
25	2026年大年初二	2026/2/18	31
26	2026年大年初三	2026/2/19	32
27	2026劳动节	2026/5/1	33
28	2026劳动节	2026/6/19	34
