Id	Order	Name	GroupType	ShowTime
2	2	2020年情人节	1	
3	3	2020年5.20	1	
4	4	2021年5.20	1	
5	5	2022年5.20	1	2022/5/20 10:00
6	6	2022年盛夏心绪	1	
1001	1	2020年情人节	2	
1002	2	2020年5.20	2	
1003	3	2020年六一	2	
1004	4	2021年3.14	2	
1005	5	2021年5.20	2	
1006	6	2022年5.20	2	2022/5/20 10:00
7	7	2022年笺录萤辉	1	2022/12/29 10:00
1007	8	2023年5.20	2	2023/5/20 10:00
8	9	2023年5.20	1	2023/5/20 10:00
10	10	2023遗影潜夏	1	2023/8/24 10:00
11	11	指挥官生日	1	
12	12	2023落思寄笺	1	2023/12/21 10:00
13	13	2024年5.20	2	2024/5/20 10:00
14	14	2024年5.20	1	2024/5/20 10:00
15	15	2025年5.20	2	2025/5/20 7:00
16	16	2025年5.20	1	2025/5/20 7:00
