Id	StageId	GroupId	Order	Name	Bg	LockBg	Pv	UnLockTime	Condition	BgWidth	BgHigh	BgOffSetX	BgOffSetY
101001		1	1	为了全人类的幸福	Assets/Product/Texture/Image/UiArchivePv/UiArchivePv00.png	Assets/Product/Texture/Image/UiArchiveStoryBanner/ArchiveStoryBannerr00.png	100	2022/3/3 5:00		1280	720		
101002		1	2	命束止境	Assets/Product/Texture/Image/UiArchivePv/UiArchivePv56.png	Assets/Product/Texture/Image/UiArchiveStoryBanner/ArchiveStoryBannerr00.png	101			1280	720		
102001	10100102	2	1	末路狂沙	Assets/Product/Texture/Image/UiArchivePv/UiArchivePv01.png	Assets/Product/Texture/Image/UiArchiveStoryBanner/ArchiveStoryBannerr00.png	10001		84101002	1280	720		
102002	10110107	2	2	睥睨	Assets/Product/Texture/Image/UiArchivePv/UiArchivePv02.png	Assets/Product/Texture/Image/UiArchiveStoryBanner/ArchiveStoryBannerr00.png	10002		84101107	1280	720		
102003	10120125	2	3	共赴终战	Assets/Product/Texture/Image/UiArchivePv/UiArchivePv03.png	Assets/Product/Texture/Image/UiArchiveStoryBanner/ArchiveStoryBannerr00.png	10003		84101225	1280	720		
102004	15010118	2	4	乐园之夜	Assets/Product/Texture/Image/UiArchivePv/UiArchivePv04.png	Assets/Product/Texture/Image/UiArchiveStoryBanner/ArchiveStoryBannerr00.png	10006		84800118	1280	720		
102005	15020118	2	5	来自冰原的暖意	Assets/Product/Texture/Image/UiArchivePv/UiArchivePv05.png	Assets/Product/Texture/Image/UiArchiveStoryBanner/ArchiveStoryBannerr00.png	10007		84800218	1280	720		
102006	15030109	2	6	万夫莫开	Assets/Product/Texture/Image/UiArchivePv/UiArchivePv06.png	Assets/Product/Texture/Image/UiArchiveStoryBanner/ArchiveStoryBannerr00.png	10008		84800310	1280	720		
102007		2	7	“背叛”	Assets/Product/Texture/Image/UiArchivePv/UiArchivePv07.png	Assets/Product/Texture/Image/UiArchiveStoryBanner/ArchiveStoryBannerr00.png	10009	2022/3/3 5:00		1280	720		
102008		2	8	“接纳”	Assets/Product/Texture/Image/UiArchivePv/UiArchivePv08.png	Assets/Product/Texture/Image/UiArchiveStoryBanner/ArchiveStoryBannerr00.png	10010	2022/3/3 5:00		1280	720		
102009		2	9	“力量”	Assets/Product/Texture/Image/UiArchivePv/UiArchivePv09.png	Assets/Product/Texture/Image/UiArchiveStoryBanner/ArchiveStoryBannerr00.png	10011	2022/3/3 5:00		1280	720		
102010	15010512	2	10	迷途者的觉醒	Assets/Product/Texture/Image/UiArchivePv/UiArchivePv10.png	Assets/Product/Texture/Image/UiArchiveStoryBanner/ArchiveStoryBannerr00.png	10015		84800412	1280	720		
102011	11140105	2	11	升格决斗	Assets/Product/Texture/Image/UiArchivePv/UiArchivePv11.png	Assets/Product/Texture/Image/UiArchiveStoryBanner/ArchiveStoryBannerr00.png	10016		84201405	1280	720		
102012	10140111	2	12	再出发	Assets/Product/Texture/Image/UiArchivePv/UiArchivePv12.png	Assets/Product/Texture/Image/UiArchiveStoryBanner/ArchiveStoryBannerr00.png	10017		84101411	1280	720		
102013	15010609	2	13	“躲猫猫”	Assets/Product/Texture/Image/UiArchivePv/UiArchivePv13.png	Assets/Product/Texture/Image/UiArchiveStoryBanner/ArchiveStoryBannerr00.png	10018		84800509	1280	720		
102014	15010613	2	14	落木的新生	Assets/Product/Texture/Image/UiArchivePv/UiArchivePv14.png	Assets/Product/Texture/Image/UiArchiveStoryBanner/ArchiveStoryBannerr00.png	10019		84800512	1280	720		
102015	10150117	2	15	重生的海之城	Assets/Product/Texture/Image/UiArchivePv/UiArchivePv15.png	Assets/Product/Texture/Image/UiArchiveStoryBanner/ArchiveStoryBannerr00.png	10021		101101	1280	720		
102016	10150117	2	16	永不沉没的胜利	Assets/Product/Texture/Image/UiArchivePv/UiArchivePv16.png	Assets/Product/Texture/Image/UiArchiveStoryBanner/ArchiveStoryBannerr00.png	10022		101101	1280	720		
102017	10160113	2	17	仍然站立之人	Assets/Product/Texture/Image/UiArchivePv/UiArchivePv17.png	Assets/Product/Texture/Image/UiArchiveStoryBanner/ArchiveStoryBannerr00.png	10025		84101613	1280	720		
102018	11160110	2	18	致“新世界”	Assets/Product/Texture/Image/UiArchivePv/UiArchivePv18.png	Assets/Product/Texture/Image/UiArchiveStoryBanner/ArchiveStoryBannerr00.png	10026		84201610	1280	720		
102019	10170125	2	19	绝境重逢	Assets/Product/Texture/Image/UiArchivePv/UiArchivePv19.png	Assets/Product/Texture/Image/UiArchiveStoryBanner/ArchiveStoryBannerr00.png	10027		84101727	1280	720		
102020	10170125	2	20	背水一战	Assets/Product/Texture/Image/UiArchivePv/UiArchivePv20.png	Assets/Product/Texture/Image/UiArchiveStoryBanner/ArchiveStoryBannerr00.png	10028		84101727	1280	720		
102021	10170125	2	21	带你回家	Assets/Product/Texture/Image/UiArchivePv/UiArchivePv21.png	Assets/Product/Texture/Image/UiArchiveStoryBanner/ArchiveStoryBannerr00.png	10029		84101727	1280	720		
102022	10170124	2	22	长夜破晓	Assets/Product/Texture/Image/UiArchivePv/UiArchivePv22.png	Assets/Product/Texture/Image/UiArchiveStoryBanner/ArchiveStoryBannerr00.png	10030		84101724	1280	720		
102023	10170124	2	23	将生命交付于我	Assets/Product/Texture/Image/UiArchivePv/UiArchivePv23.png	Assets/Product/Texture/Image/UiArchiveStoryBanner/ArchiveStoryBannerr00.png	10031		84101724	1280	720		
102024	10170124	2	24	退却吧，猩红	Assets/Product/Texture/Image/UiArchivePv/UiArchivePv24.png	Assets/Product/Texture/Image/UiArchiveStoryBanner/ArchiveStoryBannerr00.png	10032		84101724	1280	720		
102025		2	25	屠龙者的挽歌	Assets/Product/Texture/Image/UiArchivePv/UiArchivePv25.png	Assets/Product/Texture/Image/UiArchiveStoryBanner/ArchiveStoryBannerr00.png	10035	2022/3/3 5:00		1280	720		
102026		2	26	凌空，陨落	Assets/Product/Texture/Image/UiArchivePv/UiArchivePv26.png	Assets/Product/Texture/Image/UiArchiveStoryBanner/ArchiveStoryBannerr00.png	10036	2022/3/3 5:00		1280	720		
102027		2	27	血祭者	Assets/Product/Texture/Image/UiArchivePv/UiArchivePv27.png	Assets/Product/Texture/Image/UiArchiveStoryBanner/ArchiveStoryBannerr00.png	10037	2022/3/3 5:00		1280	720		
102028		2	28	回旋终曲	Assets/Product/Texture/Image/UiArchivePv/UiArchivePv28.png	Assets/Product/Texture/Image/UiArchiveStoryBanner/ArchiveStoryBannerr00.png	10038	2022/3/3 5:00		1280	720		
102029		2	29	自由之幕	Assets/Product/Texture/Image/UiArchivePv/UiArchivePv29.png	Assets/Product/Texture/Image/UiArchiveStoryBanner/ArchiveStoryBannerr00.png	10034	2022/3/3 5:00		1280	720		
102030		2	30	失控之幕	Assets/Product/Texture/Image/UiArchivePv/UiArchivePv30.png	Assets/Product/Texture/Image/UiArchiveStoryBanner/ArchiveStoryBannerr00.png	10039	2022/3/3 5:00		1280	720		
102031		2	31	缄默之幕	Assets/Product/Texture/Image/UiArchivePv/UiArchivePv31.png	Assets/Product/Texture/Image/UiArchiveStoryBanner/ArchiveStoryBannerr00.png	10040	2022/3/3 5:00		1280	720		
102032	15020125	2	32	止戈为“舞”	Assets/Product/Texture/Image/UiArchivePv/UiArchivePv32.png	Assets/Product/Texture/Image/UiArchiveStoryBanner/ArchiveStoryBannerr00.png	10044		84101775	1280	720		
102033	10180118	2	33	在你的未来路过	Assets/Product/Texture/Image/UiArchivePv/UiArchivePv33.png	Assets/Product/Texture/Image/UiArchiveStoryBanner/ArchiveStoryBannerr00.png	10045		84101818	1280	720		
102034	15020223	2	34	与你同行	Assets/Product/Texture/Image/UiArchivePv/UiArchivePv34.png	Assets/Product/Texture/Image/UiArchiveStoryBanner/ArchiveStoryBannerr00.png	10052		84101914	1280	720		
102035	10190118	2	35	夜尽的火炬	Assets/Product/Texture/Image/UiArchivePv/UiArchivePv35.png	Assets/Product/Texture/Image/UiArchiveStoryBanner/ArchiveStoryBannerr00.png	10055		84102018	1280	720		
102036	15020318	2	36	日暮途穷	Assets/Product/Texture/Image/UiArchivePv/UiArchivePv36.png	Assets/Product/Texture/Image/UiArchiveStoryBanner/ArchiveStoryBannerr00.png	10056		84102118	1280	720		
102037	10200104	2	37	崩塌的开始	Assets/Product/Texture/Image/UiArchivePv/UiArchivePv42.png	Assets/Product/Texture/Image/UiArchiveStoryBanner/ArchiveStoryBannerr00.png	10063		84102204	1280	720		
102038	10200105	2	38	她还‘活着’	Assets/Product/Texture/Image/UiArchivePv/UiArchivePv43.png	Assets/Product/Texture/Image/UiArchiveStoryBanner/ArchiveStoryBannerr00.png	10064		84102205	1280	720		
102039	10200113	2	39	纸鹤	Assets/Product/Texture/Image/UiArchivePv/UiArchivePv37.png	Assets/Product/Texture/Image/UiArchiveStoryBanner/ArchiveStoryBannerr00.png	10057		84102212	1280	720		
102040	10200113	2	40	星池	Assets/Product/Texture/Image/UiArchivePv/UiArchivePv38.png	Assets/Product/Texture/Image/UiArchiveStoryBanner/ArchiveStoryBannerr00.png	10058		84102212	1280	720		
102041	10200113	2	41	熟悉的死亡	Assets/Product/Texture/Image/UiArchivePv/UiArchivePv39.png	Assets/Product/Texture/Image/UiArchiveStoryBanner/ArchiveStoryBannerr00.png	10059		84102212	1280	720		
102042	10200114	2	42	再见了	Assets/Product/Texture/Image/UiArchivePv/UiArchivePv40.png	Assets/Product/Texture/Image/UiArchiveStoryBanner/ArchiveStoryBannerr00.png	10060		84102213	1280	720		
102043	10200114	2	43	未知人形	Assets/Product/Texture/Image/UiArchivePv/UiArchivePv41.png	Assets/Product/Texture/Image/UiArchiveStoryBanner/ArchiveStoryBannerr00.png	10061		84102213	1280	720		
102044	10010003	2	44	深红之渊	Assets/Product/Texture/Image/UiArchivePv/UiArchivePv44.png	Assets/Product/Texture/Image/UiArchiveStoryBanner/ArchiveStoryBannerr00.png	20001		84102215	1280	720		
102045	10010003	2	45	红莲	Assets/Product/Texture/Image/UiArchivePv/UiArchivePv45.png	Assets/Product/Texture/Image/UiArchiveStoryBanner/ArchiveStoryBannerr00.png	20002		84102215	1280	720		
102046	15020412	2	46	Time to Rest	Assets/Product/Texture/Image/UiArchivePv/UiArchivePv46.png	Assets/Product/Texture/Image/UiArchiveStoryBanner/ArchiveStoryBannerr00.png	10065		84102312	1280	720		
102047	10210114	2	47	分叉觅径	Assets/Product/Texture/Image/UiArchivePv/UiArchivePv47.png	Assets/Product/Texture/Image/UiArchiveStoryBanner/ArchiveStoryBannerr00.png	10071		84102451	1280	720		
102048	10210122	2	48	触及	Assets/Product/Texture/Image/UiArchivePv/UiArchivePv48.png	Assets/Product/Texture/Image/UiArchiveStoryBanner/ArchiveStoryBannerr00.png	10068		84102482	1280	720		
102049	10210123	2	49	天启	Assets/Product/Texture/Image/UiArchivePv/UiArchivePv49.png	Assets/Product/Texture/Image/UiArchiveStoryBanner/ArchiveStoryBannerr00.png	10069		84102483	1280	720		
102050	10210123	2	50	投影	Assets/Product/Texture/Image/UiArchivePv/UiArchivePv50.png	Assets/Product/Texture/Image/UiArchiveStoryBanner/ArchiveStoryBannerr00.png	10070		84102483	1280	720		
102051	10220121	2	51	再次启程	Assets/Product/Texture/Image/UiArchivePv/UiArchivePv51.png	Assets/Product/Texture/Image/UiArchiveStoryBanner/ArchiveStoryBannerr00.png	10072		84102529	1280	720		
102052	10230110	2	52	诡笑师	Assets/Product/Texture/Image/UiArchivePv/UiArchivePv54.png	Assets/Product/Texture/Image/UiArchiveStoryBanner/ArchiveStoryBannerr00.png	10073		84102539	1280	720		
102053	10230110	2	53	战栗	Assets/Product/Texture/Image/UiArchivePv/UiArchivePv53.png	Assets/Product/Texture/Image/UiArchiveStoryBanner/ArchiveStoryBannerr00.png	10074		84102539	1280	720		
102054	10230110	2	54	豪赌	Assets/Product/Texture/Image/UiArchivePv/UiArchivePv52.png	Assets/Product/Texture/Image/UiArchiveStoryBanner/ArchiveStoryBannerr00.png	10075		84102539	1280	720		
102055	10230111	2	55	第四次交锋	Assets/Product/Texture/Image/UiArchivePv/UiArchivePv55.png	Assets/Product/Texture/Image/UiArchiveStoryBanner/ArchiveStoryBannerr00.png	10076		84102540	1280	720		
102056	15020514	2	56	茯神	Assets/Product/Texture/Image/UiArchivePv/UiArchivePv57.png	Assets/Product/Texture/Image/UiArchiveStoryBanner/ArchiveStoryBannerr00.png	10077		84602434	1280	720		
102057	15020514	2	57	赤胆决意	Assets/Product/Texture/Image/UiArchivePv/UiArchivePv58.png	Assets/Product/Texture/Image/UiArchiveStoryBanner/ArchiveStoryBannerr00.png	10078		84602434	1280	720		
102058	15020517	2	58	选择	Assets/Product/Texture/Image/UiArchivePv/UiArchivePv59.png	Assets/Product/Texture/Image/UiArchiveStoryBanner/ArchiveStoryBannerr00.png	10079		84602437	1280	720		
102059	10240115	2	59	新诞	Assets/Product/Texture/Image/UiArchivePv/UiArchivePv60.png	Assets/Product/Texture/Image/UiArchiveStoryBanner/ArchiveStoryBannerr00.png	10080		84102567	1280	720		
102060	10240115	2	60	猎宴	Assets/Product/Texture/Image/UiArchivePv/UiArchivePv61.png	Assets/Product/Texture/Image/UiArchiveStoryBanner/ArchiveStoryBannerr00.png	10081		84102567	1280	720		
102061	10240115	2	61	困兽	Assets/Product/Texture/Image/UiArchivePv/UiArchivePv62.png	Assets/Product/Texture/Image/UiArchiveStoryBanner/ArchiveStoryBannerr00.png	10082		84102567	1280	720		
102062	15020615	2	62	“灰蝎”	Assets/Product/Texture/Image/UiArchivePv/UiArchivePv63.png	Assets/Product/Texture/Image/UiArchiveStoryBanner/ArchiveStoryBannerr00.png	10083		84602456	1280	720		
102063	15020615	2	63	终局	Assets/Product/Texture/Image/UiArchivePv/UiArchivePv64.png	Assets/Product/Texture/Image/UiArchiveStoryBanner/ArchiveStoryBannerr00.png	10084		84602456	1280	720		
102064	10250117	2	64	统合	Assets/Product/Texture/Image/UiArchivePv/UiArchivePv65.png	Assets/Product/Texture/Image/UiArchiveStoryBanner/ArchiveStoryBannerr00.png	10090		84102597	1280	720		
102065	10250117	2	65	幻魇	Assets/Product/Texture/Image/UiArchivePv/UiArchivePv66.png	Assets/Product/Texture/Image/UiArchiveStoryBanner/ArchiveStoryBannerr00.png	10091		84102597	1280	720		
102066	10260124	2	66	“挣脱”	Assets/Product/Texture/Image/UiArchivePv/UiArchivePv67.png	Assets/Product/Texture/Image/UiArchiveStoryBanner/ArchiveStoryBannerr00.png	10092		84102638	1280	720		
102067	10260124	2	67	“狂暴”	Assets/Product/Texture/Image/UiArchivePv/UiArchivePv68.png	Assets/Product/Texture/Image/UiArchiveStoryBanner/ArchiveStoryBannerr00.png	10093		84102638	1280	720		
102068	10260124	2	68	“海渊”	Assets/Product/Texture/Image/UiArchivePv/UiArchivePv69.png	Assets/Product/Texture/Image/UiArchiveStoryBanner/ArchiveStoryBannerr00.png	10094		84102638	1280	720		
102069	10260125	2	69	“约定”	Assets/Product/Texture/Image/UiArchivePv/UiArchivePv70.png	Assets/Product/Texture/Image/UiArchiveStoryBanner/ArchiveStoryBannerr00.png	10095		84102639	1280	720		
102070	10260125	2	70	“道别”	Assets/Product/Texture/Image/UiArchivePv/UiArchivePv71.png	Assets/Product/Texture/Image/UiArchiveStoryBanner/ArchiveStoryBannerr00.png	10096		84102639	1280	720		
102071	15010201	2	71	相逢	Assets/Product/Texture/Image/UiArchivePv/UiArchivePv74.png	Assets/Product/Texture/Image/UiArchiveStoryBanner/ArchiveStoryBannerr00.png	10103	2023/9/28 5:02	84102646	1280	720		
102072	15010212	2	72	交错命运	Assets/Product/Texture/Image/UiArchivePv/UiArchivePv72.png	Assets/Product/Texture/Image/UiArchiveStoryBanner/ArchiveStoryBannerr00.png	10099	2023/9/28 5:02	84102642	1280	720		
102073	15010212	2	73	王座之上	Assets/Product/Texture/Image/UiArchivePv/UiArchivePv75.png	Assets/Product/Texture/Image/UiArchiveStoryBanner/ArchiveStoryBannerr00.png	10100	2023/9/28 5:02	84102643	1280	720		
102074	15010212	2	74	她的领域	Assets/Product/Texture/Image/UiArchivePv/UiArchivePv73.png	Assets/Product/Texture/Image/UiArchiveStoryBanner/ArchiveStoryBannerr00.png	10101	2023/9/28 5:02	84102644	1280	720		
102075	15010212	2	75	这次是我的胜利	Assets/Product/Texture/Image/UiArchivePv/UiArchivePv76.png	Assets/Product/Texture/Image/UiArchiveStoryBanner/ArchiveStoryBannerr00.png	10102	2023/9/28 5:02	84102645	1280	720		
102076	10270125	2	76	新旧交锋	Assets/Product/Texture/Image/UiArchivePv/UiArchivePv77.png	Assets/Product/Texture/Image/UiArchiveStoryBanner/ArchiveStoryBannerr00.png	10105		84102727	1280	720		
102077	10270125	2	77	铁殇	Assets/Product/Texture/Image/UiArchivePv/UiArchivePv80.png	Assets/Product/Texture/Image/UiArchiveStoryBanner/ArchiveStoryBannerr00.png	10108		84102727	1280	720		
102078	10270125	2	78	葬火于碑	Assets/Product/Texture/Image/UiArchivePv/UiArchivePv78.png	Assets/Product/Texture/Image/UiArchiveStoryBanner/ArchiveStoryBannerr00.png	10106		84102727	1280	720		
102079	10270125	2	79	不惧死亡	Assets/Product/Texture/Image/UiArchivePv/UiArchivePv79.png	Assets/Product/Texture/Image/UiArchiveStoryBanner/ArchiveStoryBannerr00.png	10107		84102727	1280	720		
102080	10280100	2	80	预言	Assets/Product/Texture/Image/UiArchivePv/UiArchivePv88.png	Assets/Product/Texture/Image/UiArchiveStoryBanner/ArchiveStoryBannerr00.png	10116		84102800	1280	720		
102081	10280105	2	81	战争	Assets/Product/Texture/Image/UiArchivePv/UiArchivePv83.png	Assets/Product/Texture/Image/UiArchiveStoryBanner/ArchiveStoryBannerr00.png	10111		84102805	1280	720		
102082	10280107	2	82	光壁	Assets/Product/Texture/Image/UiArchivePv/UiArchivePv81.png	Assets/Product/Texture/Image/UiArchiveStoryBanner/ArchiveStoryBannerr00.png	10109		84102807	1280	720		
102083	10280121	2	83	悼亡	Assets/Product/Texture/Image/UiArchivePv/UiArchivePv82.png	Assets/Product/Texture/Image/UiArchiveStoryBanner/ArchiveStoryBannerr00.png	10110		84102821	1280	720		
102084	10280135	2	84	回生	Assets/Product/Texture/Image/UiArchivePv/UiArchivePv87.png	Assets/Product/Texture/Image/UiArchiveStoryBanner/ArchiveStoryBannerr00.png	10115		84102835	1280	720		
102085	10280136	2	85	铭锋	Assets/Product/Texture/Image/UiArchivePv/UiArchivePv84.png	Assets/Product/Texture/Image/UiArchiveStoryBanner/ArchiveStoryBannerr00.png	10112		84102836	1280	720		
102086	10280136	2	86	绝灭	Assets/Product/Texture/Image/UiArchivePv/UiArchivePv85.png	Assets/Product/Texture/Image/UiArchiveStoryBanner/ArchiveStoryBannerr00.png	10113		84102836	1280	720		
102087	10280136	2	87	缭垣	Assets/Product/Texture/Image/UiArchivePv/UiArchivePv86.png	Assets/Product/Texture/Image/UiArchiveStoryBanner/ArchiveStoryBannerr00.png	10114		84102836	1280	720		
102088	10290101	2	88	赤潮	Assets/Product/Texture/Image/UiArchivePv/UiArchivePv93.png	Assets/Product/Texture/Image/UiArchiveStoryBanner/ArchiveStoryBannerr00.png	10122		84103001	1280	720		
102089	10290115	2	89	厄愿	Assets/Product/Texture/Image/UiArchivePv/UiArchivePv89.png	Assets/Product/Texture/Image/UiArchiveStoryBanner/ArchiveStoryBannerr00.png	10118		84103015	1280	720		
102090	10290115	2	90	潮升	Assets/Product/Texture/Image/UiArchivePv/UiArchivePv90.png	Assets/Product/Texture/Image/UiArchiveStoryBanner/ArchiveStoryBannerr00.png	10119		84103015	1280	720		
102091	10290115	2	91	‘墙’	Assets/Product/Texture/Image/UiArchivePv/UiArchivePv91.png	Assets/Product/Texture/Image/UiArchiveStoryBanner/ArchiveStoryBannerr00.png	10121		84103015	1280	720		
102092	10290117	2	92	废墟	Assets/Product/Texture/Image/UiArchivePv/UiArchivePv92.png	Assets/Product/Texture/Image/UiArchiveStoryBanner/ArchiveStoryBannerr00.png	10120		84103017	1280	720		
102093	10300125	2	93	镜影	Assets/Product/Texture/Image/UiArchivePv/UiArchivePv94.png	Assets/Product/Texture/Image/UiArchiveStoryBanner/ArchiveStoryBannerr00.png	10124		84103115	1280	720		
102094	10300125	2	94	0号	Assets/Product/Texture/Image/UiArchivePv/UiArchivePv95.png	Assets/Product/Texture/Image/UiArchiveStoryBanner/ArchiveStoryBannerr00.png	10125		84103115	1280	720		
102095	10300125	2	95	终焉	Assets/Product/Texture/Image/UiArchivePv/UiArchivePv96.png	Assets/Product/Texture/Image/UiArchiveStoryBanner/ArchiveStoryBannerr00.png	10126		84103115	1280	720		
102096	10300125	2	96	升格	Assets/Product/Texture/Image/UiArchivePv/UiArchivePv97.png	Assets/Product/Texture/Image/UiArchiveStoryBanner/ArchiveStoryBannerr00.png	10127		84103115	1280	720		
102097	15020720	2	97	监视	Assets/Product/Texture/Image/UiArchivePv/UiArchivePv98.png	Assets/Product/Texture/Image/UiArchiveStoryBanner/ArchiveStoryBannerr00.png	10129		84602586	1280	720		
102098	15020720	2	98	超载	Assets/Product/Texture/Image/UiArchivePv/UiArchivePv99.png	Assets/Product/Texture/Image/UiArchiveStoryBanner/ArchiveStoryBannerr00.png	10130		84602586	1280	720		
102099	15020720	2	99	锋尖	Assets/Product/Texture/Image/UiArchivePv/UiArchivePv100.png	Assets/Product/Texture/Image/UiArchiveStoryBanner/ArchiveStoryBannerr00.png	10131		84602586	1280	720		
102100	15020721	2	100	泥沙俱下	Assets/Product/Texture/Image/UiArchivePv/UiArchivePv101.png	Assets/Product/Texture/Image/UiArchiveStoryBanner/ArchiveStoryBannerr00.png	10132		84602587	1280	720		
102101	15020816	2	101	“正义”	Assets/Product/Texture/Image/UiArchivePv/UiArchivePv102.png	Assets/Product/Texture/Image/UiArchiveStoryBanner/ArchiveStoryBannerr00.png	10137		84602604	1280	720		
102102	15020817	2	102	歧途	Assets/Product/Texture/Image/UiArchivePv/UiArchivePv103.png	Assets/Product/Texture/Image/UiArchiveStoryBanner/ArchiveStoryBannerr00.png	10138		84602605	1280	720		
102103	15020922	2	103	果决	Assets/Product/Texture/Image/UiArchivePv/UiArchivePv104.png	Assets/Product/Texture/Image/UiArchiveStoryBanner/ArchiveStoryBannerr00.png	10143		84602629	1280	720		
102104	10310122	2	104	何谓“成蝶”	Assets/Product/Texture/Image/UiArchivePv/UiArchivePv105.png	Assets/Product/Texture/Image/UiArchiveStoryBanner/ArchiveStoryBannerr00.png	10152		84103140	1280	720		
102105	15021012	2	105	慢性告别	Assets/Product/Texture/Image/UiArchivePv/UiArchivePv108.png	Assets/Product/Texture/Image/UiArchiveStoryBanner/ArchiveStoryBannerr00.png	10156		84602692	1280	720		
102106	15021015	2	106	终逝之花	Assets/Product/Texture/Image/UiArchivePv/UiArchivePv109.png	Assets/Product/Texture/Image/UiArchiveStoryBanner/ArchiveStoryBannerr00.png	10157		84602695	1280	720		
102107	15021017	2	107	“常世之影”	Assets/Product/Texture/Image/UiArchivePv/UiArchivePv106.png	Assets/Product/Texture/Image/UiArchiveStoryBanner/ArchiveStoryBannerr00.png	10154		84602697	1280	720		
102108	15021017	2	108	长夏凋落	Assets/Product/Texture/Image/UiArchivePv/UiArchivePv107.png	Assets/Product/Texture/Image/UiArchiveStoryBanner/ArchiveStoryBannerr00.png	10155		84602697	1280	720		
102109	10320102	2	109	停靠	Assets/Product/Texture/Image/UiArchivePv/UiArchivePv112.png	Assets/Product/Texture/Image/UiArchiveStoryBanner/ArchiveStoryBannerr00.png	10158		84103150	1280	720		
102110	10320416	2	110	终汇此时	Assets/Product/Texture/Image/UiArchivePv/UiArchivePv110.png	Assets/Product/Texture/Image/UiArchiveStoryBanner/ArchiveStoryBannerr00.png	10160		84103164	1280	720		
102111	10320119	2	111	恍然长大	Assets/Product/Texture/Image/UiArchivePv/UiArchivePv115.png	Assets/Product/Texture/Image/UiArchiveStoryBanner/ArchiveStoryBannerr00.png	10159		84103167	1280	720		
102112	10320122	2	112	坠星·帕瓦特!	Assets/Product/Texture/Image/UiArchivePv/UiArchivePv113.png	Assets/Product/Texture/Image/UiArchiveStoryBanner/ArchiveStoryBannerr00.png	10161		84103170	1280	720		
102113	10320122	2	113	红色形态,出击!	Assets/Product/Texture/Image/UiArchivePv/UiArchivePv116.png	Assets/Product/Texture/Image/UiArchiveStoryBanner/ArchiveStoryBannerr00.png	10162		84103170	1280	720		
102114	10320122	2	114	"""恶龙"""	Assets/Product/Texture/Image/UiArchivePv/UiArchivePv114.png	Assets/Product/Texture/Image/UiArchiveStoryBanner/ArchiveStoryBannerr00.png	10163		84103170	1280	720		
102115	10320122	2	115	予你的星光	Assets/Product/Texture/Image/UiArchivePv/UiArchivePv111.png	Assets/Product/Texture/Image/UiArchiveStoryBanner/ArchiveStoryBannerr00.png	10164		84103170	1280	720		
102116	10330213	2	116	“我们”	Assets/Product/Texture/Image/UiArchivePv/UiArchivePv118.png	Assets/Product/Texture/Image/UiArchiveStoryBanner/ArchiveStoryBannerr00.png	10167		84103188	1280	720		
102117	10330119	2	117	门扉之后	Assets/Product/Texture/Image/UiArchivePv/UiArchivePv117.png	Assets/Product/Texture/Image/UiArchiveStoryBanner/ArchiveStoryBannerr00.png	10166		84103194	1280	720		
102118	10330122	2	118	守墓人	Assets/Product/Texture/Image/UiArchivePv/UiArchivePv121.png	Assets/Product/Texture/Image/UiArchiveStoryBanner/ArchiveStoryBannerr00.png	10171		84103197	1280	720		
102119	10330127	2	119	纺织	Assets/Product/Texture/Image/UiArchivePv/UiArchivePv119.png	Assets/Product/Texture/Image/UiArchiveStoryBanner/ArchiveStoryBannerr00.png	10169		84103202	1280	720		
102120	10330127	2	120	执念	Assets/Product/Texture/Image/UiArchivePv/UiArchivePv120.png	Assets/Product/Texture/Image/UiArchiveStoryBanner/ArchiveStoryBannerr00.png	10170		84103202	1280	720		
102121	15021119	2	121	屈膝礼	Assets/Product/Texture/Image/UiArchivePv/UiArchivePv122.png	Assets/Product/Texture/Image/UiArchiveStoryBanner/ArchiveStoryBannerr00.png	10173		84602744	1280	720		
102122	10340111	2	122	中点	Assets/Product/Texture/Image/UiArchivePv/UiArchivePv123.png	Assets/Product/Texture/Image/UiArchiveStoryBanner/ArchiveStoryBannerr00.png	10178		84103222	1280	720		
102123	10340116	2	123	焉末庭廊	Assets/Product/Texture/Image/UiArchivePv/UiArchivePv124.png	Assets/Product/Texture/Image/UiArchiveStoryBanner/ArchiveStoryBannerr00.png	10175		84103227	1280	720		
102124	10340116	2	124	转奏	Assets/Product/Texture/Image/UiArchivePv/UiArchivePv125.png	Assets/Product/Texture/Image/UiArchiveStoryBanner/ArchiveStoryBannerr00.png	10176		84103227	1280	720		
102125	10340116	2	125	落音	Assets/Product/Texture/Image/UiArchivePv/UiArchivePv126.png	Assets/Product/Texture/Image/UiArchiveStoryBanner/ArchiveStoryBannerr00.png	10177		84103227	1280	720		
102126	15021315	2	126	演出开幕	Assets/Product/Texture/Image/UiArchivePv/UiArchivePv127.png	Assets/Product/Texture/Image/UiArchiveStoryBanner/ArchiveStoryBannerr00.png	10179		84602804	1280	720		
102127	15021416	2	127	焚海	Assets/Product/Texture/Image/UiArchivePv/UiArchivePv130.png	Assets/Product/Texture/Image/UiArchiveStoryBanner/ArchiveStoryBannerr00.png	10183		84602830	1280	720		
102128	15021419	2	128	良夜	Assets/Product/Texture/Image/UiArchivePv/UiArchivePv128.png	Assets/Product/Texture/Image/UiArchiveStoryBanner/ArchiveStoryBannerr00.png	10181		84602833	1280	720		
102129	15021419	2	129	骤明	Assets/Product/Texture/Image/UiArchivePv/UiArchivePv129.png	Assets/Product/Texture/Image/UiArchiveStoryBanner/ArchiveStoryBannerr00.png	10182		84602833	1280	720		
102131	15010303	2	130	对决	Assets/Product/Texture/Image/UiArchivePv/UiArchivePv131.png	Assets/Product/Texture/Image/UiArchiveStoryBanner/ArchiveStoryBannerr00.png	10185	2025/12/23 5:00	84600627	1280	720		
102132	15010312	2	131	镜像	Assets/Product/Texture/Image/UiArchivePv/UiArchivePv133.png	Assets/Product/Texture/Image/UiArchiveStoryBanner/ArchiveStoryBannerr00.png	10184	2025/12/23 5:00	84600636	1280	720		
102133	15010312	2	132	终结	Assets/Product/Texture/Image/UiArchivePv/UiArchivePv132.png	Assets/Product/Texture/Image/UiArchiveStoryBanner/ArchiveStoryBannerr00.png	10186	2025/12/23 5:00	84600636	1280	720		
102134	10350115	2	133	命途终点	Assets/Product/Texture/Image/UiArchivePv/UiArchivePv134.png	Assets/Product/Texture/Image/UiArchiveStoryBanner/ArchiveStoryBannerr00.png	10190		84103243	1280	720		
102135	10350123	2	134	“新篇”	Assets/Product/Texture/Image/UiArchivePv/UiArchivePv135.png	Assets/Product/Texture/Image/UiArchiveStoryBanner/ArchiveStoryBannerr00.png	10189		84103251	1280	720		
102136	15021501	2	135	裁剪	Assets/Product/Texture/Image/UiArchivePv/UiArchivePv136.png	Assets/Product/Texture/Image/UiArchiveStoryBanner/ArchiveStoryBannerr00.png	20005		84602853	1280	720		
102137	15021610	2	136	猎手	Assets/Product/Texture/Image/UiArchivePv/UiArchivePv138.png	Assets/Product/Texture/Image/UiArchiveStoryBanner/ArchiveStoryBannerr00.png	10192		84602875	1280	720		
102138	15021698	2	137	展翼	Assets/Product/Texture/Image/UiArchivePv/UiArchivePv137.png	Assets/Product/Texture/Image/UiArchiveStoryBanner/ArchiveStoryBannerr00.png	10193		84602879	1280	720		
102139	10360123	2	138	梦的深井	Assets/Product/Texture/Image/UiArchivePv/UiArchivePv139.png	Assets/Product/Texture/Image/UiArchiveStoryBanner/ArchiveStoryBannerr00.png	10194		84103287	1280	720		
102140	10360123	2	139	虚妄摇篮	Assets/Product/Texture/Image/UiArchivePv/UiArchivePv140.png	Assets/Product/Texture/Image/UiArchiveStoryBanner/ArchiveStoryBannerr00.png	10195		84103287	1280	720		
102141	10360123	2	140	苍白脊髓	Assets/Product/Texture/Image/UiArchivePv/UiArchivePv141.png	Assets/Product/Texture/Image/UiArchiveStoryBanner/ArchiveStoryBannerr00.png	10196		84103287	1280	720		
102142	10370207	2	141	属于某人的追猎	Assets/Product/Texture/Image/UiArchivePv/UiArchivePv144.png	Assets/Product/Texture/Image/UiArchiveStoryBanner/ArchiveStoryBannerr00.png	10199		84103296	1280	720		
102143	10370118	2	142	虚伪羽翼	Assets/Product/Texture/Image/UiArchivePv/UiArchivePv142.png	Assets/Product/Texture/Image/UiArchiveStoryBanner/ArchiveStoryBannerr00.png	10197		84103307	1280	720		
102144	10370118	2	143	尘世之风	Assets/Product/Texture/Image/UiArchivePv/UiArchivePv143.png	Assets/Product/Texture/Image/UiArchiveStoryBanner/ArchiveStoryBannerr00.png	10198		84103307	1280	720		
102145	10380120	2	144	逆转	Assets/Product/Texture/Image/UiArchivePv/UiArchivePv148.png	Assets/Product/Texture/Image/UiArchiveStoryBanner/ArchiveStoryBannerr00.png	10202		84330011	1280	720		
102146	10380122	2	145	冰心咆哮	Assets/Product/Texture/Image/UiArchivePv/UiArchivePv149.png	Assets/Product/Texture/Image/UiArchiveStoryBanner/ArchiveStoryBannerr00.png	10200		84330005	1280	720		
102147	10380122	2	146	最终统合	Assets/Product/Texture/Image/UiArchivePv/UiArchivePv147.png	Assets/Product/Texture/Image/UiArchiveStoryBanner/ArchiveStoryBannerr00.png	10201		84330005	1280	720		
103001	10010001	3	1	余晖	Assets/Product/Texture/Image/UiArchivePv/UiArchivePv145.png	Assets/Product/Texture/Image/UiArchiveStoryBanner/ArchiveStoryBannerr00.png	50001		84330000	1280	720		
103002	10010005	3	2	新危机	Assets/Product/Texture/Image/UiArchivePv/UiArchivePv146.png	Assets/Product/Texture/Image/UiArchiveStoryBanner/ArchiveStoryBannerr00.png	50002		84330001	1280	720		
102148	10390121	2	147	焚枝	Assets/Product/Texture/Image/UiArchivePv/UiArchivePv150.png	Assets/Product/Texture/Image/UiArchiveStoryBanner/ArchiveStoryBannerr00.png	10203		84103354	1280	720		
102149	15021723	2	148	还家	Assets/Product/Texture/Image/UiArchivePv/UiArchivePv152.png	Assets/Product/Texture/Image/UiArchiveStoryBanner/ArchiveStoryBannerr00.png	10205		84103387	1280	720		
102150	15021723	2	149	心溃	Assets/Product/Texture/Image/UiArchivePv/UiArchivePv151.png	Assets/Product/Texture/Image/UiArchiveStoryBanner/ArchiveStoryBannerr00.png	10204		84103387	1280	720		
102151	10400126	2	150	长路归航	Assets/Product/Texture/Image/UiArchivePv/UiArchivePv151.png	Assets/Product/Texture/Image/UiArchiveStoryBanner/ArchiveStoryBannerr00.png	10206		84103415	1280	720		
